PLAYER,TEAM,AGE,RA-FGM,RA-FGA,RA-FG%,PAINT-FGM,PAINT-FGA,PAINT-FG%,MID-FGM,MID-FGA,MID-FG%,LEFT-FGM,LEFT-FGA,LEFT-FG%,RIGHT-FGM,RIGHT-FGA,RIGHT-FG%,TOP-FGM,TOP-FGA,TOP-FG%
Aaron Brooks,CHI,31,380,615,61.8,95,273,34.8,206,541,38.1,27,61,44.3,19,49,38.8,135,416,32.5
Aaron Gordon,ORL,20,688,1152,59.7,167,432,38.7,272,690,39.4,42,129,32.6,46,118,39,266,700,38
Aaron Harrison,CHA,21,36,59,61,8,18,44.4,8,29,27.6,4,11,36.4,1,4,25,15,41,36.6
Adreian Payne,MIN,25,219,306,71.6,48,115,41.7,73,172,42.4,17,34,50,7,39,17.9,57,178,32
Al Horford,ATL,30,866,1518,57,228,608,37.5,482,1263,38.2,69,174,39.7,61,158,38.6,323,992,32.6
Al Jefferson,CHA,31,365,603,60.5,114,275,41.5,212,528,40.2,32,74,43.2,24,64,37.5,115,384,29.9
Al-Farouq Aminu,POR,25,773,1345,57.5,302,647,46.7,448,1069,41.9,52,151,34.4,47,116,40.5,292,799,36.5
Alan Anderson,WAS,33,43,74,58.1,19,49,38.8,27,87,31,5,14,35.7,4,6,66.7,32,89,36
Alan Williams,PHX,23,31,52,59.6,7,14,50,13,27,48.1,3,7,42.9,0,3,0,9,25,36
Alec Burks,UTA,24,250,425,58.8,58,194,29.9,127,312,40.7,29,67,43.3,16,43,37.2,83,242,34.3
Alex Len,PHX,23,622,1010,61.6,182,469,38.8,307,792,38.8,53,140,37.9,45,109,41.3,255,697,36.6
Alex Stepheson,MEM,28,19,41,46.3,11,20,55,11,26,42.3,3,8,37.5,0,2,0,9,27,33.3
Alexis Ajinca,NOP,28,260,435,59.8,81,206,39.3,148,374,39.6,24,52,46.2,17,46,37,121,339,35.7
Allen Crabbe,POR,24,661,1151,57.4,213,540,39.4,385,954,40.4,53,147,36.1,36,102,35.3,295,778,37.9
Alonzo Gee,NOP,29,601,967,62.2,164,398,41.2,270,713,37.9,34,99,34.3,40,92,43.5,219,631,34.7
Amar'e Stoudemire,MIA,33,259,434,59.7,80,211,37.9,147,360,40.8,18,44,40.9,11,38,28.9,83,243,34.2
Amir Johnson,BOS,29,585,1036,56.5,210,525,40,317,780,40.6,42,120,35,39,113,34.5,226,636,35.5
Anderson Varejao,GSW,33,155,247,62.8,46,118,39,88,218,40.4,9,29,31,4,23,17.4,74,203,36.5
Andre Drummond,DET,22,902,1445,62.4,338,791,42.7,534,1316,40.6,36,102,35.3,55,124,44.4,275,850,32.4
Andre Iguodala,GSW,32,617,1028,60,198,537,36.9,282,778,36.2,36,86,41.9,28,66,42.4,195,648,30.1
Andre Miller,SAS,40,137,224,61.2,44,100,44,82,186,44.1,14,31,45.2,7,34,20.6,70,200,35
Andre Roberson,OKC,24,561,989,56.7,150,395,38,263,712,36.9,39,99,39.4,40,98,40.8,182,564,32.3
Andrea Bargnani,BKN,30,251,384,65.4,67,152,44.1,107,232,46.1,19,41,46.3,15,33,45.5,86,254,33.9
Andrew Bogut,GSW,31,438,790,55.4,177,464,38.1,296,752,39.4,27,76,35.5,25,68,36.8,175,547,32
Andrew Goudelock,HOU,27,20,37,54.1,4,20,20,7,21,33.3,0,2,0,3,8,37.5,5,19,26.3
Andrew Nicholson,ORL,26,270,454,59.5,68,189,36,111,321,34.6,23,63,36.5,17,53,32.1,102,314,32.5
Andrew Wiggins,MIN,21,1097,1725,63.6,265,675,39.3,457,1131,40.4,74,185,40,69,214,32.2,383,1064,36
Anthony Bennett,TOR,23,30,45,66.7,6,12,50,13,35,37.1,1,3,33.3,5,7,71.4,17,33,51.5
Anthony Brown,LAL,23,231,363,63.6,54,136,39.7,96,239,40.2,14,33,42.4,9,38,23.7,72,235,30.6
Anthony Davis,NOP,23,745,1183,63,222,525,42.3,393,974,40.3,32,102,31.4,49,110,44.5,321,875,36.7
Anthony Morrow,OKC,30,358,608,58.9,99,242,40.9,129,353,36.5,18,55,32.7,26,59,44.1,105,324,32.4
Anthony Tolliver,DET,31,456,755,60.4,148,386,38.3,242,638,37.9,15,41,36.6,28,58,48.3,159,432,36.8
Archie Goodwin,PHX,21,428,666,64.3,107,265,40.4,166,447,37.1,42,81,51.9,35,80,43.8,159,437,36.4
Aron Baynes,DET,29,411,687,59.8,134,341,39.3,216,542,39.9,18,52,34.6,23,54,42.6,168,434,38.7
Arron Afflalo,NYK,30,838,1477,56.7,249,600,41.5,468,1084,43.2,53,132,40.2,39,120,32.5,271,838,32.3
Austin Rivers,LAC,23,531,913,58.2,123,349,35.2,244,600,40.7,23,87,26.4,35,78,44.9,184,551,33.4
Avery Bradley,BOS,25,854,1446,59.1,276,714,38.7,441,1094,40.3,65,169,38.5,47,148,31.8,318,910,34.9
Axel Toupane,DEN,23,125,201,62.2,25,62,40.3,44,118,37.3,10,27,37,5,19,26.3,43,109,39.4
Ben McLemore,SAC,23,472,751,62.8,163,413,39.5,273,654,41.7,44,116,37.9,45,133,33.8,216,575,37.6
Beno Udrih,MEM,33,203,365,55.6,77,181,42.5,133,302,44,20,49,40.8,18,50,36,83,244,34
Bismack Biyombo,TOR,23,524,964,54.4,196,507,38.7,258,714,36.1,50,110,45.5,53,116,45.7,237,702,33.8
Blake Griffin,LAC,27,366,612,59.8,126,329,38.3,229,609,37.6,17,54,31.5,13,38,34.2,139,404,34.4
Boban Marjanovic,SAS,27,149,258,57.8,57,124,46,91,218,41.7,7,25,28,12,35,34.3,64,176,36.4
Bobby Portis,CHI,21,406,665,61.1,102,267,38.2,199,513,38.8,28,69,40.6,23,50,46,145,414,35
Bojan Bogdanovic,BKN,27,875,1376,63.6,222,507,43.8,326,796,41,66,155,42.6,50,126,39.7,288,817,35.3
Boris Diaw,SAS,34,470,796,59,160,373,42.9,232,623,37.2,25,77,32.5,24,86,27.9,139,423,32.9
Bradley Beal,WAS,23,553,879,62.9,182,439,41.5,318,792,40.2,37,115,32.2,39,91,42.9,265,665,39.8
Brandan Wright,MEM,28,70,120,58.3,19,53,35.8,36,88,40.9,4,15,26.7,3,7,42.9,38,82,46.3
Branden Dawson,LAC,23,16,29,55.2,5,7,71.4,4,8,50,1,3,33.3,-,-,-,3,12,25
Brandon Bass,LAL,31,559,849,65.8,120,297,40.4,205,528,38.8,21,78,26.9,27,80,33.8,167,511,32.7
Brandon Jennings,ORL,26,297,490,60.6,83,230,36.1,140,358,39.1,29,62,46.8,17,44,38.6,115,298,38.6
Brandon Knight,PHX,24,660,1058,62.4,189,451,41.9,333,811,41.1,56,132,42.4,42,110,38.2,262,691,37.9
Brandon Rush,GSW,30,397,646,61.5,126,313,40.3,182,478,38.1,19,58,32.8,20,51,39.2,152,419,36.3
Brian Roberts,POR,30,138,217,63.6,46,127,36.2,88,212,41.5,10,29,34.5,6,20,30,80,196,40.8
Briante Weber,MIA,23,54,87,62.1,24,43,55.8,25,47,53.2,4,10,40,9,16,56.3,25,71,35.2
Brook Lopez,BKN,28,905,1459,62,245,590,41.5,386,992,38.9,72,168,42.9,62,170,36.5,338,923,36.6
Bruno Caboclo,TOR,20,22,37,59.5,0,8,0,5,11,45.5,1,1,100,2,4,50,5,20,25
Bryce Cotton,MEM,23,18,25,72,5,9,55.6,12,19,63.2,0,1,0,1,1,100,4,14,28.6
Bryce Dejean-Jones,NOP,23,102,167,61.1,34,74,45.9,44,114,38.6,5,12,41.7,6,12,50,41,98,41.8
CJ McCollum,POR,24,856,1529,56,313,723,43.3,542,1291,42,67,168,39.9,55,142,38.7,365,971,37.6
CJ Miles,IND,29,515,873,59,138,334,41.3,245,625,39.2,40,101,39.6,38,108,35.2,180,530,34
CJ Watson,ORL,32,263,405,64.9,65,165,39.4,90,249,36.1,12,36,33.3,20,49,40.8,89,243,36.6
CJ Wilcox,LAC,25,58,95,61.1,19,50,38,15,65,23.1,3,9,33.3,4,12,33.3,20,66,30.3
Cameron Bairstow,DET,25,23,54,42.6,7,24,29.2,20,43,46.5,2,7,28.6,2,4,50,18,54,33.3
Cameron Payne,OKC,21,264,423,62.4,54,177,30.5,109,280,38.9,20,48,41.7,14,35,40,89,242,36.8
Carl Landry,PHI,32,225,338,66.6,62,160,38.8,107,257,41.6,14,32,43.8,5,14,35.7,74,196,37.8
Carmelo Anthony,NYK,32,879,1546,56.9,252,625,40.3,461,1155,39.9,52,128,40.6,47,123,38.2,313,923,33.9
Caron Butler,SAC,36,66,97,68,15,47,31.9,36,84,42.9,2,9,22.2,4,9,44.4,24,67,35.8
Chandler Parsons,DAL,27,594,942,63.1,197,492,40,336,800,42,52,140,37.1,38,127,29.9,222,645,34.4
Channing Frye,CLE,33,372,612,60.8,106,279,38,218,524,41.6,33,77,42.9,31,82,37.8,144,424,34
Charles Hayes,LAC,33,11,18,61.1,4,8,50,2,11,18.2,1,2,50,0,2,0,1,8,12.5
Charlie Villanueva,DAL,31,226,361,62.6,72,171,42.1,115,269,42.8,10,40,25,22,51,43.1,88,259,34
Chase Budinger,PHX,28,341,566,60.2,99,222,44.6,169,421,40.1,23,79,29.1,21,56,37.5,107,290,36.9
Chris Andersen,MEM,37,133,210,63.3,35,81,43.2,61,144,42.4,9,31,29,10,23,43.5,72,164,43.9
Chris Bosh,MIA,32,503,899,56,208,490,42.4,335,857,39.1,53,124,42.7,41,112,36.6,191,589,32.4
Chris Copeland,MIL,32,50,84,59.5,17,31,54.8,19,50,38,11,17,64.7,3,9,33.3,27,64,42.2
Chris Johnson,UTA,26,261,436,59.9,76,207,36.7,131,350,37.4,20,55,36.4,19,60,31.7,111,328,33.8
Chris Kaman,POR,34,22,44,50,18,31,58.1,32,71,45.1,0,5,0,1,8,12.5,17,40,42.5
Chris McCullough,BKN,21,165,256,64.5,38,77,49.4,46,111,41.4,14,35,40,12,23,52.2,57,151,37.7
Chris Paul,LAC,31,758,1290,58.8,243,669,36.3,437,1165,37.5,34,136,25,49,133,36.8,312,860,36.3
Christian Wood,PHI,20,55,89,61.8,19,52,36.5,26,59,44.1,3,8,37.5,4,11,36.4,22,59,37.3
Cleanthony Early,NYK,25,49,96,51,14,41,34.1,22,61,36.1,6,21,28.6,2,8,25,12,43,27.9
Cliff Alexander,POR,20,8,15,53.3,4,8,50,8,15,53.3,4,4,100,1,2,50,5,19,26.3
Clint Capela,HOU,22,517,865,59.8,141,359,39.3,200,517,38.7,51,134,38.1,59,142,41.5,179,534,33.5
Cody Zeller,CHA,23,569,965,59,139,394,35.3,338,780,43.3,45,135,33.3,39,110,35.5,263,706,37.3
Cole Aldrich,LAC,27,270,463,58.3,78,197,39.6,124,295,42,21,54,38.9,16,52,30.8,82,279,29.4
Corey Brewer,HOU,30,595,985,60.4,165,410,40.2,244,616,39.6,59,165,35.8,61,144,42.4,218,664,32.8
Cory Jefferson,PHX,25,21,36,58.3,5,14,35.7,6,22,27.3,2,2,100,1,2,50,8,14,57.1
Cory Joseph,TOR,24,605,1099,55.1,210,550,38.2,308,841,36.6,57,124,46,45,115,39.1,245,741,33.1
Coty Clarke,BOS,23,3,3,100,0,0,0,3,5,60,-,-,-,0,0,0,0,2,0
Courtney Lee,CHA,30,777,1258,61.8,217,537,40.4,350,906,38.6,63,182,34.6,55,153,35.9,299,852,35.1
Cristiano Felicio,CHI,23,102,185,55.1,27,68,39.7,34,119,28.6,11,25,44,6,12,50,45,122,36.9
D'Angelo Russell,LAL,20,918,1431,64.2,225,516,43.6,371,906,40.9,55,155,35.5,50,132,37.9,294,860,34.2
D.J. Augustin,DEN,28,456,755,60.4,109,278,39.2,161,427,37.7,28,79,35.4,32,77,41.6,146,447,32.7
Dahntay Jones,CLE,35,9,17,52.9,3,10,30,7,16,43.8,1,4,25,1,1,100,9,20,45
Damian Lillard,POR,25,877,1499,58.5,343,737,46.5,523,1284,40.7,53,159,33.3,42,123,34.1,359,929,38.6
Damien Inglis,MIL,21,61,118,51.7,16,36,44.4,12,48,25,4,8,50,6,12,50,18,55,32.7
Damjan Rudez,MIN,30,99,155,63.9,27,60,45,42,109,38.5,6,15,40,1,15,6.7,47,120,39.2
Danilo Gallinari,DEN,27,660,1067,61.9,168,400,42,322,796,40.5,38,124,30.6,52,140,37.1,255,654,39
Danny Green,SAS,29,602,1089,55.3,217,583,37.2,414,1006,41.2,36,118,30.5,39,109,35.8,215,624,34.5
Dante Cunningham,NOP,29,691,1041,66.4,207,464,44.6,340,828,41.1,41,108,38,35,91,38.5,320,845,37.9
Darrell Arthur,DEN,28,498,857,58.1,126,330,38.2,261,657,39.7,41,112,36.6,34,89,38.2,205,559,36.7
Darren Collison,SAC,28,738,1154,64,265,652,40.6,357,863,41.4,58,175,33.1,77,188,41,329,897,36.7
Darrun Hilliard,DET,23,114,207,55.1,41,108,38,72,187,38.5,7,18,38.9,9,20,45,52,123,42.3
David Lee,DAL,33,305,474,64.3,78,222,35.1,142,383,37.1,29,79,36.7,18,64,28.1,127,345,36.8
David West,SAS,35,434,759,57.2,146,359,40.7,280,688,40.7,22,83,26.5,30,79,38,130,407,31.9
DeAndre Jordan,LAC,27,821,1381,59.4,260,700,37.1,473,1269,37.3,36,147,24.5,49,135,36.3,344,953,36.1
DeJuan Blair,WAS,27,77,120,64.2,27,58,46.6,40,95,42.1,7,16,43.8,6,13,46.2,23,70,32.9
DeMar DeRozan,TOR,26,882,1483,59.5,309,775,39.9,458,1140,40.2,81,191,42.4,70,177,39.5,361,1004,36
DeMarcus Cousins,SAC,25,724,1153,62.8,268,636,42.1,404,1010,40,67,191,35.1,71,194,36.6,351,941,37.3
DeMarre Carroll,TOR,29,220,367,59.9,92,216,42.6,120,323,37.2,23,60,38.3,18,45,40,106,299,35.5
Delon Wright,TOR,24,79,138,57.2,13,51,25.5,33,81,40.7,6,12,50,11,25,44,28,89,31.5
Dennis Schroder,ATL,22,498,896,55.6,150,382,39.3,278,712,39,43,116,37.1,29,89,32.6,184,579,31.8
Deron Williams,DAL,32,675,1088,62,216,543,39.8,370,899,41.2,57,156,36.5,43,157,27.4,278,817,34
Derrick Favors,UTA,24,616,1043,59.1,198,489,40.5,341,812,42,53,129,41.1,46,122,37.7,221,626,35.3
Derrick Rose,CHI,27,779,1356,57.4,238,586,40.6,446,1076,41.4,47,131,35.9,46,107,43,239,715,33.4
Derrick Williams,NYK,25,540,895,60.3,134,359,37.3,230,596,38.6,44,94,46.8,25,81,30.9,178,515,34.6
Devin Booker,PHX,19,745,1200,62.1,221,525,42.1,330,855,38.6,70,175,40,56,141,39.7,297,810,36.7
Devin Harris,DAL,33,416,672,61.9,117,311,37.6,232,552,42,30,90,33.3,27,91,29.7,191,552,34.6
Devyn Marble,ORL,23,90,141,63.8,20,59,33.9,43,114,37.7,6,12,50,6,16,37.5,23,81,28.4
Dewayne Dedmon,ORL,26,280,464,60.3,58,155,37.4,90,244,36.9,18,56,32.1,15,46,32.6,94,269,34.9
Dion Waiters,OKC,24,820,1379,59.5,205,566,36.2,346,883,39.2,48,135,35.6,44,109,40.4,272,770,35.3
Dirk Nowitzki,DAL,38,687,1118,61.4,250,618,40.5,469,1120,41.9,69,175,39.4,55,175,31.4,311,879,35.4
Donald Sloan,BKN,28,533,845,63.1,137,339,40.4,225,533,42.2,31,87,35.6,33,83,39.8,176,486,36.2
Donatas Motiejunas,HOU,25,233,333,70,42,143,29.4,59,194,30.4,14,57,24.6,20,46,43.5,81,223,36.3
Doug McDermott,CHI,24,647,1069,60.5,191,490,39,346,900,38.4,47,118,39.8,42,102,41.2,225,676,33.3
Draymond Green,GSW,26,914,1574,58.1,351,949,37,492,1329,37,48,148,32.4,48,127,37.8,365,1126,32.4
Drew Gooden,WAS,34,108,170,63.5,38,75,50.7,60,143,42,7,15,46.7,8,17,47.1,37,100,37
Duje Dukan,SAC,24,14,17,82.4,1,3,33.3,2,7,28.6,0,2,0,1,3,33.3,4,16,25
Dwight Howard,HOU,30,779,1236,63,233,574,40.6,359,925,38.8,68,199,34.2,74,176,42,323,896,36
Dwight Powell,DAL,24,349,542,64.4,88,247,35.6,159,393,40.5,20,55,36.4,17,71,23.9,123,380,32.4
Dwyane Wade,MIA,34,750,1285,58.4,288,705,40.9,410,1020,40.2,55,144,38.2,51,130,39.2,238,683,34.8
E'Twaun Moore,CHI,27,450,804,56,147,390,37.7,237,579,40.9,29,70,41.4,24,61,39.3,139,426,32.6
Ed Davis,POR,27,497,900,55.2,162,419,38.7,317,811,39.1,40,113,35.4,29,88,33,239,608,39.3
Edy Tavares,ATL,24,23,37,62.2,10,19,52.6,18,43,41.9,1,5,20,6,10,60,10,22,45.5
Elfrid Payton,ORL,22,783,1282,61.1,207,515,40.2,353,848,41.6,50,136,36.8,47,154,30.5,286,773,37
Elijah Millsap,UTA,28,47,86,54.7,10,38,26.3,23,74,31.1,6,11,54.5,3,8,37.5,21,68,30.9
Elliot Williams,CHA,27,9,19,47.4,6,11,54.5,10,20,50,2,2,100,2,3,66.7,6,22,27.3
Elton Brand,PHI,37,67,107,62.6,35,84,41.7,36,94,38.3,7,17,41.2,2,9,22.2,27,97,27.8
Emmanuel Mudiay,DEN,20,739,1226,60.3,180,445,40.4,341,851,40.1,52,169,30.8,65,157,41.4,312,801,39
Enes Kanter,OKC,24,651,1084,60.1,181,467,38.8,274,704,38.9,44,114,38.6,42,92,45.7,201,606,33.2
Eric Bledsoe,PHX,26,364,589,61.8,116,271,42.8,178,439,40.5,30,67,44.8,23,61,37.7,158,428,36.9
Eric Gordon,NOP,27,488,812,60.1,146,356,41,281,690,40.7,27,79,34.2,30,72,41.7,210,594,35.4
Eric Moreland,SAC,24,16,26,61.5,3,18,16.7,5,12,41.7,1,2,50,1,2,50,9,27,33.3
Erick Green,DEN,25,11,20,55,8,14,57.1,7,12,58.3,1,3,33.3,1,4,25,5,9,55.6
Ersan Ilyasova,ORL,29,687,1077,63.8,240,515,46.6,349,826,42.3,37,94,39.4,36,89,40.4,212,597,35.5
Evan Fournier,ORL,23,922,1513,60.9,253,612,41.3,419,990,42.3,69,188,36.7,67,192,34.9,348,921,37.8
Evan Turner,BOS,27,786,1280,61.4,235,635,37,373,967,38.6,54,131,41.2,58,146,39.7,250,805,31.1
Festus Ezeli,GSW,26,253,410,61.7,111,307,36.2,145,380,38.2,8,31,25.8,9,30,30,88,254,34.6
Frank Kaminsky,CHA,23,534,914,58.4,161,427,37.7,309,766,40.3,45,117,38.5,31,109,28.4,224,639,35.1
Garrett Temple,WAS,30,613,1032,59.4,187,452,41.4,377,920,41,51,123,41.5,36,107,33.6,259,721,35.9
Gary Harris,DEN,21,887,1447,61.3,238,537,44.3,416,1039,40,67,184,36.4,77,187,41.2,353,900,39.2
Gary Neal,WAS,31,274,424,64.6,91,191,47.6,139,351,39.6,22,47,46.8,21,60,35,124,322,38.5
George Hill,IND,30,795,1367,58.2,254,586,43.3,442,1139,38.8,60,181,33.1,77,187,41.2,299,894,33.4
Gerald Green,MIA,30,471,804,58.6,189,442,42.8,272,713,38.1,42,95,44.2,37,100,37,175,561,31.2
Gerald Henderson,POR,28,401,742,54,165,394,41.9,270,661,40.8,29,86,33.7,27,76,35.5,215,525,41
Giannis Antetokounmpo,MIL,21,1038,1738,59.7,244,574,42.5,380,962,39.5,92,248,37.1,90,230,39.1,374,1075,34.8
Glenn Robinson,IND,22,189,307,61.6,38,104,36.5,80,211,37.9,13,36,36.1,16,45,35.6,65,180,36.1
Goran Dragic,MIA,30,773,1324,58.4,284,715,39.7,438,1126,38.9,44,135,32.6,41,126,32.5,248,737,33.6
Gordon Hayward,UTA,26,920,1566,58.7,274,737,37.2,482,1168,41.3,75,180,41.7,74,177,41.8,324,924,35.1
Gorgui Dieng,MIN,26,827,1318,62.7,204,515,39.6,351,867,40.5,66,157,42,48,162,29.6,304,818,37.2
Greg Monroe,MIL,26,869,1430,60.8,206,483,42.7,310,761,40.7,82,195,42.1,66,172,38.4,304,872,34.9
Greg Smith,MIN,25,84,120,70,21,41,51.2,26,64,40.6,4,12,33.3,7,21,33.3,27,74,36.5
Greivis Vasquez,MIL,29,177,305,58,43,91,47.3,75,166,45.2,15,32,46.9,12,34,35.3,48,161,29.8
Harrison Barnes,GSW,24,694,1124,61.7,263,705,37.3,388,953,40.7,39,99,39.4,30,81,37,241,744,32.4
Hassan Whiteside,MIA,27,646,1159,55.7,297,704,42.2,406,1032,39.3,50,129,38.8,52,122,42.6,211,624,33.8
Henry Sims,BKN,26,132,186,71,29,55,52.7,33,83,39.8,11,26,42.3,7,18,38.9,38,113,33.6
Hollis Thompson,PHI,25,790,1276,61.9,239,636,37.6,389,936,41.6,45,111,40.5,47,97,48.5,245,759,32.3
Ian Clark,GSW,25,225,360,62.5,63,163,38.7,82,216,38,10,30,33.3,5,18,27.8,87,246,35.4
Ian Mahinmi,IND,29,572,980,58.4,165,378,43.7,331,858,38.6,47,129,36.4,56,142,39.4,224,683,32.8
Iman Shumpert,CLE,26,409,654,62.5,126,351,35.9,215,564,38.1,28,76,36.8,21,71,29.6,159,487,32.6
Isaiah Canaan,PHI,25,726,1175,61.8,213,533,40,363,858,42.3,49,125,39.2,37,93,39.8,226,665,34
Isaiah Thomas,BOS,27,902,1494,60.4,286,757,37.8,452,1127,40.1,67,184,36.4,53,170,31.2,312,922,33.8
Ish Smith,PHI,27,844,1400,60.3,229,588,38.9,382,978,39.1,49,124,39.5,50,117,42.7,296,819,36.1
J.J. Barea,DAL,32,529,848,62.4,168,431,39,303,712,42.6,50,135,37,50,138,36.2,240,643,37.3
JJ Hickson,WAS,27,160,267,59.9,33,105,31.4,71,179,39.7,10,26,38.5,9,38,23.7,62,164,37.8
JJ O'Brien,UTA,24,2,2,100,0,2,0,3,3,100,0,0,0,-,-,-,0,2,0
JJ Redick,LAC,32,669,1114,60.1,213,580,36.7,368,1016,36.2,27,118,22.9,38,115,33,264,750,35.2
JR Smith,CLE,30,783,1280,61.2,260,628,41.4,433,1067,40.6,51,143,35.7,59,144,41,271,769,35.2
JaKarr Sampson,DEN,23,410,698,58.7,120,310,38.7,192,494,38.9,37,87,42.5,28,59,47.5,159,444,35.8
JaMychal Green,MEM,26,422,724,58.3,135,302,44.7,189,457,41.4,41,104,39.4,47,107,43.9,224,604,37.1
JaVale McGee,DAL,28,115,195,59,38,98,38.8,78,175,44.6,15,36,41.7,7,26,26.9,41,128,32
Jabari Parker,MIL,21,943,1527,61.8,187,463,40.4,324,848,38.2,81,207,39.1,80,214,37.4,321,921,34.9
Jae Crowder,BOS,25,772,1309,59,256,664,38.6,413,1009,40.9,58,161,36,44,144,30.6,263,790,33.3
Jahlil Okafor,PHI,20,574,942,60.9,175,455,38.5,319,735,43.4,29,71,40.8,39,81,48.1,187,526,35.6
Jamal Crawford,LAC,36,703,1215,57.9,197,532,37,358,864,41.4,35,109,32.1,54,123,43.9,259,746,34.7
Jameer Nelson,DEN,34,329,541,60.8,104,226,46,184,446,41.3,33,73,45.2,29,80,36.3,146,375,38.9
James Anderson,SAC,27,236,382,61.8,89,239,37.2,129,314,41.1,32,78,41,16,54,29.6,109,290,37.6
James Ennis III,NOP,25,117,172,68,27,68,39.7,56,136,41.2,5,18,27.8,6,18,33.3,62,146,42.5
James Harden,HOU,26,1125,1826,61.6,299,745,40.1,452,1151,39.3,100,272,36.8,111,267,41.6,410,1157,35.4
James Johnson,TOR,29,314,505,62.2,101,252,40.1,153,386,39.6,29,65,44.6,21,67,31.3,112,298,37.6
James Jones,CLE,35,146,248,58.9,44,110,40,77,198,38.9,10,27,37,10,20,50,50,165,30.3
James Michael McAdoo,GSW,23,101,138,73.2,24,67,35.8,37,92,40.2,7,14,50,3,8,37.5,44,119,37
James Young,BOS,20,76,111,68.5,13,41,31.7,41,95,43.2,4,6,66.7,5,12,41.7,28,84,33.3
Jared Cunningham,CLE,25,136,227,59.9,38,85,44.7,70,175,40,7,18,38.9,11,25,44,54,149,36.2
Jared Dudley,WAS,30,695,1108,62.7,206,518,39.8,391,961,40.7,45,130,34.6,43,124,34.7,285,760,37.5
Jared Sullinger,BOS,24,636,1071,59.4,215,541,39.7,341,852,40,52,132,39.4,38,117,32.5,223,649,34.4
Jarell Eddie,WAS,24,49,77,63.6,12,28,42.9,28,63,44.4,4,14,28.6,2,8,25,24,64,37.5
Jarell Martin,MEM,22,100,178,56.2,47,93,50.5,61,135,45.2,14,39,35.9,12,21,57.1,51,146,34.9
Jarnell Stokes,MEM,22,6,15,40,0,1,0,2,4,50,0,1,0,0,0,0,2,7,28.6
Jarrett Jack,BKN,32,377,625,60.3,99,216,45.8,164,393,41.7,30,70,42.9,33,85,38.8,146,407,35.9
Jason Smith,ORL,30,411,669,61.4,106,266,39.8,177,418,42.3,29,77,37.7,30,79,38,172,483,35.6
Jason Terry,HOU,38,443,697,63.6,134,321,41.7,181,467,38.8,41,115,35.7,47,101,46.5,152,456,33.3
Jason Thompson,TOR,29,170,298,57,46,117,39.3,79,186,42.5,9,21,42.9,10,27,37,61,175,34.9
Jeff Ayres,LAC,29,45,67,67.2,12,26,46.2,7,33,21.2,3,10,30,5,10,50,17,48,35.4
Jeff Green,LAC,29,721,1214,59.4,192,492,39,349,876,39.8,55,172,32,63,158,39.9,298,849,35.1
Jeff Teague,ATL,28,798,1386,57.6,197,526,37.5,391,1045,37.4,56,152,36.8,59,144,41,290,858,33.8
Jeff Withey,UTA,26,211,367,57.5,45,152,29.6,115,261,44.1,21,41,51.2,15,44,34.1,72,214,33.6
Jerami Grant,PHI,22,745,1237,60.2,226,588,38.4,402,953,42.2,49,109,45,39,101,38.6,235,722,32.5
Jeremy Evans,DAL,28,75,131,57.3,22,64,34.4,47,102,46.1,7,21,33.3,7,16,43.8,41,127,32.3
Jeremy Lamb,CHA,24,354,622,56.9,99,293,33.8,252,627,40.2,25,83,30.1,21,72,29.2,148,465,31.8
Jeremy Lin,CHA,27,631,1110,56.8,196,509,38.5,366,943,38.8,65,154,42.2,54,140,38.6,257,763,33.7
Jerian Grant,NYK,23,440,784,56.1,126,320,39.4,199,512,38.9,35,78,44.9,23,66,34.8,155,447,34.7
Jerryd Bayless,MIL,27,548,949,57.7,139,316,44,194,491,39.5,52,121,43,52,118,44.1,181,547,33.1
Jimmer Fredette,SAS,27,8,10,80,3,5,60,1,7,14.3,2,2,100,0,0,0,2,5,40
Jimmy Butler,CHI,26,885,1558,56.8,236,630,37.5,484,1204,40.2,51,137,37.2,47,127,37,308,907,34
Joakim Noah,CHI,31,203,346,58.7,58,165,35.2,119,340,35,12,39,30.8,8,23,34.8,91,253,36
Jodie Meeks,DET,28,15,25,60,4,8,50,10,30,33.3,0,1,0,1,1,100,2,12,16.7
Joe Harris,CLE,24,11,13,84.6,3,6,50,3,4,75,0,0,0,0,0,0,4,5,80
Joe Ingles,UTA,28,397,671,59.2,112,285,39.3,176,474,37.1,33,86,38.4,34,77,44.2,142,431,32.9
Joe Johnson,MIA,35,988,1611,61.3,284,693,41,455,1111,41,65,165,39.4,65,176,36.9,343,951,36.1
Joe Young,IND,24,146,252,57.9,37,92,40.2,62,156,39.7,7,20,35,15,29,51.7,42,140,30
Joel Anthony,DET,33,23,40,57.5,14,28,50,18,50,36,0,2,0,4,8,50,13,35,37.1
Joffrey Lauvergne,DEN,24,416,667,62.4,107,240,44.6,181,436,41.5,22,80,27.5,23,65,35.4,121,353,34.3
John Henson,MIL,25,337,616,54.7,65,168,38.7,143,380,37.6,29,64,45.3,38,88,43.2,107,359,29.8
John Jenkins,PHX,25,196,315,62.2,53,140,37.9,77,209,36.8,18,45,40,9,28,32.1,53,154,34.4
John Wall,WAS,25,889,1478,60.1,282,680,41.5,534,1310,40.8,62,182,34.1,68,164,41.5,394,1014,38.9
Johnny O'Bryant III,MIL,23,307,522,58.8,89,187,47.6,113,298,37.9,34,77,44.2,27,57,47.4,87,303,28.7
Jon Leuer,PHX,27,463,762,60.8,115,305,37.7,193,488,39.5,44,101,43.6,32,82,39,171,468,36.5
Jonas Jerebko,BOS,29,425,691,61.5,99,321,30.8,189,490,38.6,26,68,38.2,24,64,37.5,133,418,31.8
Jonas Valanciunas,TOR,24,506,815,62.1,171,424,40.3,293,702,41.7,42,109,38.5,37,102,36.3,193,490,39.4
Jonathon Simmons,SAS,26,279,443,63,106,239,44.4,133,348,38.2,12,43,27.9,13,51,25.5,86,260,33.1
Jordan Adams,MEM,21,4,4,100,2,3,66.7,2,8,25,-,-,-,1,1,100,2,5,40
Jordan Clarkson,LAL,24,1036,1586,65.3,267,617,43.3,435,1079,40.3,60,166,36.1,56,180,31.1,344,960,35.8
Jordan Farmar,MEM,29,102,148,68.9,35,67,52.2,41,101,40.6,5,17,29.4,8,16,50,45,122,36.9
Jordan Hamilton,NOP,25,105,161,65.2,27,61,44.3,53,130,40.8,8,17,47.1,8,18,44.4,52,135,38.5
Jordan Hill,IND,28,513,859,59.7,147,354,41.5,257,676,38,27,104,26,42,96,43.8,159,529,30.1
Jordan McRae,CLE,25,52,95,54.7,16,45,35.6,29,76,38.2,4,12,33.3,7,17,41.2,22,83,26.5
Jordan Mickey,BOS,21,22,45,48.9,6,13,46.2,8,18,44.4,1,6,16.7,1,2,50,3,16,18.8
Jorge Gutierrez,CHA,27,26,41,63.4,5,11,45.5,6,22,27.3,0,8,0,0,2,0,13,35,37.1
Jose Calderon,NYK,34,710,1255,56.6,200,501,39.9,402,964,41.7,45,106,42.5,41,101,40.6,229,700,32.7
Josh Huestis,OKC,24,17,28,60.7,7,17,41.2,7,25,28,1,6,16.7,0,1,0,6,16,37.5
Josh McRoberts,MIA,29,185,311,59.5,56,155,36.1,109,276,39.5,15,43,34.9,17,38,44.7,61,183,33.3
Josh Richardson,MIA,22,341,617,55.3,122,323,37.8,196,516,38,23,54,42.6,29,57,50.9,130,352,36.9
Josh Smith,HOU,30,308,534,57.7,78,214,36.4,133,368,36.1,21,67,31.3,28,54,51.9,117,312,37.5
Jrue Holiday,NOP,26,601,920,65.3,178,423,42.1,325,803,40.5,41,108,38,42,97,43.3,274,783,35
Julius Randle,LAL,21,953,1441,66.1,222,517,42.9,389,928,41.9,56,153,36.6,50,147,34,312,890,35.1
Justin Anderson,DAL,22,187,324,57.7,63,164,38.4,113,261,43.3,16,55,29.1,15,47,31.9,88,263,33.5
Justin Harper,BKN,26,12,17,70.6,4,7,57.1,9,19,47.4,0,1,0,0,1,0,9,14,64.3
Justin Holiday,CHI,27,268,478,56.1,73,188,38.8,137,340,40.3,25,63,39.7,17,37,45.9,107,283,37.8
Justise Winslow,MIA,20,686,1191,57.6,243,644,37.7,404,1013,39.9,57,139,41,56,132,42.4,241,738,32.7
Jusuf Nurkic,DEN,21,205,326,62.9,42,122,34.4,81,211,38.4,11,43,25.6,17,43,39.5,71,205,34.6
KJ McDaniels,HOU,23,67,125,53.6,21,61,34.4,33,93,35.5,7,22,31.8,10,26,38.5,24,102,23.5
Karl-Anthony Towns,MIN,20,997,1587,62.8,252,615,41,453,1088,41.6,74,184,40.2,60,191,31.4,357,977,36.5
Kawhi Leonard,SAS,25,703,1255,56,268,666,40.2,444,1172,37.9,41,128,32,49,128,38.3,228,687,33.2
Keith Appling,ORL,24,9,15,60,0,3,0,3,14,21.4,1,1,100,1,2,50,1,7,14.3
Kelly Olynyk,BOS,25,470,784,59.9,130,387,33.6,229,611,37.5,30,90,33.3,24,75,32,161,496,32.5
Kelly Oubre Jr.,WAS,20,229,371,61.7,54,153,35.3,133,334,39.8,12,36,33.3,14,43,32.6,88,243,36.2
Kemba Walker,CHA,26,941,1561,60.3,263,689,38.2,530,1278,41.5,87,219,39.7,67,178,37.6,377,1126,33.5
Kendall Marshall,PHI,24,145,226,64.2,42,116,36.2,85,173,49.1,16,27,59.3,10,20,50,52,145,35.9
Kendrick Perkins,NOP,31,195,283,68.9,48,120,40,106,258,41.1,13,33,39.4,13,27,48.1,91,235,38.7
Kenneth Faried,DEN,26,616,1002,61.5,163,371,43.9,293,740,39.6,43,127,33.9,58,136,42.6,229,587,39
Kent Bazemore,ATL,26,714,1251,57.1,176,477,36.9,361,959,37.6,59,148,39.9,52,132,39.4,266,798,33.3
Kentavious Caldwell-Pope,DET,23,950,1538,61.8,353,826,42.7,544,1333,40.8,35,110,31.8,58,129,45,301,942,32
Kevin Durant,OKC,27,976,1710,57.1,231,640,36.1,408,1106,36.9,70,175,40,54,150,36,311,987,31.5
Kevin Garnett,MIN,40,178,311,57.2,56,138,40.6,92,256,35.9,13,33,39.4,18,44,40.9,52,167,31.1
Kevin Love,CLE,27,779,1274,61.1,277,652,42.5,429,1080,39.7,53,155,34.2,55,134,41,278,821,33.9
Kevin Martin,SAS,33,398,634,62.8,94,255,36.9,212,482,44,28,61,45.9,21,65,32.3,141,393,35.9
Kevin Seraphin,NYK,26,171,323,52.9,49,141,34.8,79,188,42,11,35,31.4,12,29,41.4,64,183,35
Kevon Looney,GSW,20,9,12,75,2,5,40,4,9,44.4,1,1,100,-,-,-,10,16,62.5
Khris Middleton,MIL,24,1059,1787,59.3,234,558,41.9,372,981,37.9,91,235,38.7,91,233,39.1,368,1082,34
Kirk Hinrich,ATL,35,206,353,58.4,64,150,42.7,99,293,33.8,10,32,31.3,10,24,41.7,82,256,32
Klay Thompson,GSW,26,924,1573,58.7,328,889,36.9,459,1232,37.3,49,133,36.8,41,115,35.7,333,1041,32
Kobe Bryant,LAL,37,785,1190,66,191,436,43.8,338,823,41.1,49,126,38.9,40,121,33.1,259,700,37
Kosta Koufos,SAC,27,476,725,65.7,178,471,37.8,287,639,44.9,41,115,35.7,48,117,41,218,581,37.5
Kostas Papanikolaou,DEN,25,82,148,55.4,32,70,45.7,49,145,33.8,9,22,40.9,12,20,60,40,101,39.6
Kris Humphries,ATL,31,289,474,61,97,231,42,144,366,39.3,24,60,40,25,52,48.1,109,302,36.1
Kristaps Porzingis,NYK,20,701,1247,56.2,187,493,37.9,393,957,41.1,48,111,43.2,43,101,42.6,230,715,32.2
Kyle Anderson,SAS,22,384,659,58.3,147,334,44,231,574,40.2,23,65,35.4,21,72,29.2,129,393,32.8
Kyle Korver,ATL,35,798,1431,55.8,216,565,38.2,413,1091,37.9,56,154,36.4,55,133,41.4,286,875,32.7
Kyle Lowry,TOR,30,872,1487,58.6,302,795,38,462,1166,39.6,88,201,43.8,73,174,42,362,985,36.8
Kyle O'Quinn,NYK,26,259,452,57.3,71,188,37.8,135,366,36.9,12,49,24.5,18,48,37.5,84,258,32.6
Kyle Singler,OKC,28,380,636,59.7,87,228,38.2,161,391,41.2,16,54,29.6,19,48,39.6,124,397,31.2
Kyrie Irving,CLE,24,569,891,63.9,209,492,42.5,289,695,41.6,37,106,34.9,45,98,45.9,182,559,32.6
LaMarcus Aldridge,SAS,30,665,1177,56.5,267,653,40.9,443,1127,39.3,44,119,37,45,114,39.5,223,664,33.6
Lamar Patterson,ATL,24,132,224,58.9,47,89,52.8,67,163,41.1,9,26,34.6,5,21,23.8,48,136,35.3
Lance Stephenson,MEM,25,433,742,58.4,155,333,46.5,224,520,43.1,22,84,26.2,33,78,42.3,189,563,33.6
Lance Thomas,NYK,28,484,857,56.5,134,356,37.6,224,562,39.9,33,79,41.8,24,71,33.8,124,418,29.7
Langston Galloway,NYK,24,675,1178,57.3,207,524,39.5,351,894,39.3,47,129,36.4,42,107,39.3,221,706,31.3
Larry Nance Jr.,LAL,23,469,733,64,118,313,37.7,205,537,38.2,35,85,41.2,26,82,31.7,158,442,35.7
Lavoy Allen,IND,27,481,864,55.7,155,358,43.3,284,748,38,34,110,30.9,39,100,39,181,555,32.6
LeBron James,CLE,31,837,1422,58.9,301,726,41.5,486,1230,39.5,63,163,38.7,59,147,40.1,312,929,33.6
Leandro Barbosa,GSW,33,369,591,62.4,124,344,36,185,458,40.4,18,56,32.1,19,38,50,155,434,35.7
Lorenzo Brown,DET,25,21,32,65.6,6,7,85.7,11,33,33.3,5,6,83.3,0,1,0,10,20,50
Lou Amundson,NYK,33,55,108,50.9,19,37,51.4,32,84,38.1,8,17,47.1,3,11,27.3,21,80,26.3
Lou Williams,LAL,29,782,1185,66,183,470,38.9,342,849,40.3,39,108,36.1,33,113,29.2,257,703,36.6
Luc Mbah a Moute,LAC,29,381,637,59.8,135,358,37.7,240,670,35.8,20,84,23.8,21,73,28.8,173,465,37.2
Lucas Nogueira,TOR,23,83,147,56.5,17,57,29.8,25,71,35.2,9,15,60,4,13,30.8,36,95,37.9
Luis Montero,POR,23,8,11,72.7,1,11,9.1,12,20,60,2,2,100,3,4,75,7,17,41.2
Luis Scola,TOR,36,535,864,61.9,186,457,40.7,292,697,41.9,50,113,44.2,46,103,44.7,207,532,38.9
Luke Babbitt,NOP,27,309,473,65.3,72,181,39.8,150,390,38.5,18,50,36,16,40,40,126,340,37.1
Luol Deng,MIA,31,793,1348,58.8,300,746,40.2,455,1093,41.6,41,135,30.4,43,117,36.8,252,732,34.4
Manu Ginobili,SAS,38,350,611,57.3,134,318,42.1,203,526,38.6,22,60,36.7,24,74,32.4,101,341,29.6
Marc Gasol,MEM,31,543,906,59.9,149,352,42.3,266,672,39.6,50,141,35.5,50,120,41.7,245,712,34.4
Marcelo Huertas,LAL,33,303,487,62.2,79,199,39.7,133,336,39.6,24,62,38.7,23,56,41.1,101,338,29.9
Marcin Gortat,WAS,32,706,1175,60.1,238,584,40.8,456,1136,40.1,45,133,33.8,55,126,43.7,331,871,38
Marco Belinelli,SAC,30,579,875,66.2,216,493,43.8,274,681,40.2,46,130,35.4,42,118,35.6,243,672,36.2
Marcus Morris,DET,26,968,1554,62.3,354,840,42.1,546,1330,41.1,45,120,37.5,55,130,42.3,316,949,33.3
Marcus Smart,BOS,22,569,951,59.8,160,422,37.9,260,676,38.5,39,116,33.6,38,100,38,206,625,33
Marcus Thornton,WAS,29,435,652,66.7,109,276,39.5,163,420,38.8,31,88,35.2,32,88,36.4,129,425,30.4
Mario Chalmers,MIA,30,412,682,60.4,110,299,36.8,175,470,37.2,35,104,33.7,32,85,37.6,184,565,32.6
Mario Hezonja,ORL,21,513,831,61.7,131,320,40.9,237,556,42.6,39,86,45.3,25,86,29.1,171,514,33.3
Markel Brown,BKN,24,409,630,64.9,81,204,39.7,144,338,42.6,43,90,47.8,29,66,43.9,152,400,38
Markieff Morris,WAS,26,529,826,64,153,364,42,298,753,39.6,42,97,43.3,42,86,48.8,230,649,35.4
Marreese Speights,GSW,28,313,519,60.3,99,259,38.2,135,346,39,17,42,40.5,8,28,28.6,105,314,33.4
Marvin Williams,CHA,30,763,1287,59.3,206,546,37.7,439,1039,42.3,64,169,37.9,59,150,39.3,310,907,34.2
Mason Plumlee,POR,26,684,1185,57.7,271,571,47.5,420,991,42.4,41,128,32,39,98,39.8,265,705,37.6
Matt Barnes,MEM,36,685,1143,59.9,185,438,42.2,312,768,40.6,55,174,31.6,72,151,47.7,326,917,35.6
Matt Bonner,SAS,36,69,119,58,14,42,33.3,31,78,39.7,4,12,33.3,5,13,38.5,24,69,34.8
Matthew Dellavedova,CLE,25,560,925,60.5,162,456,35.5,330,867,38.1,41,114,36,36,113,31.9,226,655,34.5
Maurice Harkless,POR,23,448,793,56.5,159,390,40.8,264,659,40.1,36,94,38.3,33,103,32,210,536,39.2
Metta World Peace,LAL,36,195,316,61.7,56,141,39.7,80,231,34.6,18,51,35.3,14,48,29.2,70,224,31.3
Meyers Leonard,POR,24,380,644,59,128,323,39.6,270,659,41,33,97,34,19,61,31.1,193,497,38.8
Michael Beasley,HOU,27,133,222,59.9,28,81,34.6,50,131,38.2,13,36,36.1,18,39,46.2,51,151,33.8
Michael Carter-Williams,MIL,24,582,1013,57.5,122,304,40.1,232,592,39.2,59,130,45.4,52,133,39.1,220,642,34.3
Michael Kidd-Gilchrist,CHA,22,71,114,62.3,13,48,27.1,47,119,39.5,4,12,33.3,1,10,10,24,75,32
Mike Conley,MEM,28,544,910,59.8,149,354,42.1,268,660,40.6,49,145,33.8,51,118,43.2,244,700,34.9
Mike Dunleavy,CHI,35,261,446,58.5,72,188,38.3,141,315,44.8,20,43,46.5,22,49,44.9,86,239,36
Mike Miller,DEN,36,132,218,60.6,34,74,45.9,58,163,35.6,13,28,46.4,6,19,31.6,51,135,37.8
Mike Muscala,ATL,24,182,326,55.8,74,164,45.1,81,228,35.5,15,41,36.6,17,33,51.5,74,189,39.2
Mike Scott,ATL,27,343,616,55.7,113,264,42.8,194,501,38.7,35,106,33,27,62,43.5,121,427,28.3
Miles Plumlee,MIL,27,327,561,58.3,74,174,42.5,107,292,36.6,30,79,38,29,78,37.2,106,333,31.8
Mirza Teletovic,PHX,30,633,1003,63.1,199,463,43,258,654,39.4,59,125,47.2,33,98,33.7,225,609,36.9
Mitch McGary,OKC,24,30,44,68.2,5,15,33.3,11,24,45.8,3,7,42.9,1,4,25,14,31,45.2
Mo Williams,CLE,33,233,388,60.1,77,195,39.5,140,338,41.4,18,49,36.7,11,34,32.4,94,278,33.8
Monta Ellis,IND,30,929,1568,59.2,244,588,41.5,457,1207,37.9,64,198,32.3,89,213,41.8,321,1000,32.1
Montrezl Harrell,HOU,22,133,216,61.6,37,89,41.6,49,139,35.3,14,30,46.7,17,33,51.5,50,164,30.5
Myles Turner,IND,20,481,830,58,129,328,39.3,230,578,39.8,28,99,28.3,42,106,39.6,158,475,33.3
Nate Robinson,NOP,32,8,15,53.3,5,8,62.5,2,8,25,0,2,0,-,-,-,6,13,46.2
Nazr Mohammed,OKC,38,6,12,50,0,2,0,1,4,25,1,1,100,0,2,0,1,7,14.3
Nemanja Bjelica,MIN,28,395,635,62.2,89,211,42.2,176,406,43.3,31,76,40.8,24,71,33.8,156,429,36.4
Nene,WAS,33,361,576,62.7,107,259,41.3,187,439,42.6,25,68,36.8,19,64,29.7,149,407,36.6
Nerlens Noel,PHI,22,707,1178,60,210,513,40.9,367,904,40.6,34,99,34.3,49,105,46.7,241,689,35
Nick Collison,OKC,35,230,392,58.7,83,197,42.1,109,292,37.3,14,37,37.8,15,38,39.5,80,241,33.2
Nick Young,LAL,31,420,635,66.1,92,256,35.9,165,410,40.2,12,51,23.5,31,62,50,133,386,34.5
Nicolas Batum,CHA,27,837,1408,59.4,220,565,38.9,439,1072,41,62,176,35.2,49,149,32.9,325,959,33.9
Nik Stauskas,PHI,22,652,1068,61,211,514,41.1,341,808,42.2,37,86,43,40,89,44.9,213,608,35
Nikola Jokic,DEN,21,528,915,57.7,171,375,45.6,294,796,36.9,49,131,37.4,47,116,40.5,249,615,40.5
Nikola Mirotic,CHI,25,640,1063,60.2,175,450,38.9,301,784,38.4,41,103,39.8,33,86,38.4,180,535,33.6
Nikola Pekovic,MIN,30,55,74,74.3,19,44,43.2,27,61,44.3,5,7,71.4,1,15,6.7,23,66,34.8
Nikola Vucevic,ORL,25,685,1114,61.5,193,493,39.1,367,880,41.7,58,149,38.9,52,149,34.9,267,710,37.6
Noah Vonleh,POR,20,365,641,56.9,143,336,42.6,244,538,45.4,25,61,41,26,59,44.1,142,401,35.4
Norman Powell,TOR,23,238,426,55.9,68,173,39.3,110,286,38.5,17,41,41.5,26,62,41.9,94,245,38.4
Norris Cole,NOP,27,444,675,65.8,138,303,45.5,204,527,38.7,29,67,43.3,26,57,45.6,156,461,33.8
O.J. Mayo,MIL,28,383,649,59,98,234,41.9,146,402,36.3,35,93,37.6,29,82,35.4,135,416,32.5
Omer Asik,NOP,29,396,620,63.9,114,279,40.9,247,597,41.4,31,73,42.5,27,62,43.5,170,449,37.9
Omri Casspi,SAC,28,646,988,65.4,201,541,37.2,312,793,39.3,48,159,30.2,63,173,36.4,282,768,36.7
Orlando Johnson,NOP,27,36,65,55.4,17,35,48.6,14,34,41.2,4,8,50,3,6,50,13,33,39.4
Otto Porter,WAS,23,746,1208,61.8,225,570,39.5,432,1060,40.8,52,154,33.8,58,139,41.7,331,838,39.5
PJ Hairston,MEM,23,419,704,59.5,131,316,41.5,235,514,45.7,36,81,44.4,32,77,41.6,217,562,38.6
PJ Tucker,PHX,31,835,1340,62.3,263,636,41.4,432,1078,40.1,73,191,38.2,66,154,42.9,363,969,37.5
Pablo Prigioni,LAC,39,289,470,61.5,90,213,42.3,108,300,36,17,46,37,14,50,28,95,298,31.9
Pat Connaughton,POR,23,28,56,50,8,34,23.5,33,72,45.8,6,11,54.5,5,10,50,16,64,25
Patrick Beverley,HOU,27,717,1160,61.8,190,468,40.6,291,746,39,61,188,32.4,77,178,43.3,283,804,35.2
Patrick Patterson,TOR,27,588,1079,54.5,212,559,37.9,300,780,38.5,56,128,43.8,41,119,34.5,258,741,34.8
Patty Mills,SAS,27,539,942,57.2,188,447,42.1,293,769,38.1,32,99,32.3,31,103,30.1,169,481,35.1
Pau Gasol,CHI,35,815,1442,56.5,251,656,38.3,486,1182,41.1,40,113,35.4,48,114,42.1,256,803,31.9
Paul George,IND,26,944,1599,59,257,616,41.7,480,1232,39,63,203,31,86,212,40.6,331,1040,31.8
Paul Millsap,ATL,31,920,1609,57.2,243,618,39.3,452,1198,37.7,60,163,36.8,59,165,35.8,337,989,34.1
Paul Pierce,LAC,38,404,683,59.2,120,320,37.5,203,532,38.2,19,81,23.5,26,67,38.8,174,476,36.6
Phil Pressey,POR,25,115,192,59.9,30,84,35.7,36,98,36.7,5,11,45.5,7,19,36.8,38,95,40
Quincy Acy,SAC,25,299,473,63.2,85,223,38.1,153,373,41,28,68,41.2,29,69,42,135,354,38.1
RJ Hunter,BOS,22,122,190,64.2,24,73,32.9,40,112,35.7,6,21,28.6,3,11,27.3,31,102,30.4
Rajon Rondo,SAC,30,852,1322,64.4,304,717,42.4,468,1128,41.5,74,212,34.9,83,213,39,391,1055,37.1
Rakeem Christmas,IND,24,3,3,100,1,2,50,1,1,100,-,-,-,1,1,100,3,4,75
Ramon Sessions,WAS,30,566,880,64.3,179,413,43.3,315,742,42.5,39,115,33.9,33,97,34,202,618,32.7
Randy Foye,OKC,32,581,988,58.8,150,403,37.2,249,653,38.1,37,105,35.2,40,108,37,188,594,31.6
Rashad Vaughn,MIL,19,373,646,57.7,91,227,40.1,136,342,39.8,38,86,44.2,27,70,38.6,126,362,34.8
Rasual Butler,SAS,37,146,259,56.4,49,116,42.2,57,163,35,5,19,26.3,8,29,27.6,51,156,32.7
Raul Neto,UTA,24,462,800,57.8,150,382,39.3,274,633,43.3,33,93,35.5,40,101,39.6,155,459,33.8
Ray McCallum,SAS,25,147,253,58.1,46,118,39,82,187,43.9,9,31,29,9,30,30,62,171,36.3
Raymond Felton,DAL,32,703,1121,62.7,224,569,39.4,376,891,42.2,61,175,34.9,49,164,29.9,306,877,34.9
Reggie Bullock,DET,25,133,198,67.2,56,119,47.1,90,225,40,5,14,35.7,9,22,40.9,54,139,38.8
Reggie Jackson,DET,26,842,1341,62.8,312,710,43.9,471,1151,40.9,30,91,33,53,115,46.1,258,805,32
Richard Jefferson,CLE,36,418,649,64.4,128,333,38.4,213,584,36.5,34,83,41,30,81,37,172,492,35
Richaun Holmes,PHI,22,218,371,58.8,94,228,41.2,156,339,46,18,39,46.2,17,32,53.1,70,216,32.4
Ricky Rubio,MIN,25,868,1398,62.1,215,542,39.7,378,937,40.3,60,157,38.2,62,179,34.6,306,860,35.6
Robert Covington,PHI,25,644,1100,58.5,204,505,40.4,346,814,42.5,38,106,35.8,40,96,41.7,235,647,36.3
Robert Sacre,LAL,27,122,178,68.5,31,72,43.1,49,131,37.4,6,20,30,11,22,50,40,128,31.3
Robin Lopez,NYK,28,765,1339,57.1,247,581,42.5,439,1058,41.5,52,121,43,41,115,35.7,257,777,33.1
Rodney Hood,UTA,23,786,1336,58.8,251,635,39.5,425,1052,40.4,61,160,38.1,61,161,37.9,280,782,35.8
Rodney Stuckey,IND,30,433,727,59.6,123,309,39.8,221,564,39.2,27,90,30,31,76,40.8,151,467,32.3
Rondae Hollis-Jefferson,BKN,21,218,379,57.5,55,128,43,81,228,35.5,27,50,54,17,45,37.8,92,270,34.1
Ronnie Price,PHX,33,387,629,61.5,125,311,40.2,174,478,36.4,49,118,41.5,21,59,35.6,156,449,34.7
Roy Hibbert,LAL,29,743,1169,63.6,203,473,42.9,346,842,41.1,45,119,37.8,38,124,30.6,266,705,37.7
Rudy Gay,SAC,29,803,1234,65.1,292,679,43,417,1030,40.5,78,198,39.4,71,196,36.2,351,964,36.4
Rudy Gobert,UTA,24,549,993,55.3,198,513,38.6,333,838,39.7,44,115,38.3,44,107,41.1,225,620,36.3
Russ Smith,MEM,25,21,30,70,5,16,31.3,8,21,38.1,2,6,33.3,5,8,62.5,12,25,48
Russell Westbrook,OKC,27,1035,1824,56.7,260,681,38.2,439,1206,36.4,72,176,40.9,61,166,36.7,328,984,33.3
Ryan Anderson,NOP,28,737,1159,63.6,202,471,42.9,305,802,38,41,118,34.7,38,107,35.5,291,788,36.9
Ryan Hollins,MEM,31,135,211,64,46,115,40,86,181,47.5,14,37,37.8,19,37,51.4,67,172,39
Ryan Kelly,LAL,25,179,279,64.2,50,124,40.3,81,207,39.1,7,20,35,12,28,42.9,47,176,26.7
Salah Mejri,DAL,30,96,187,51.3,39,100,39,59,135,43.7,17,41,41.5,12,37,32.4,64,189,33.9
Sam Dekker,HOU,22,0,2,0,4,4,100,3,5,60,-,-,-,-,-,-,1,3,33.3
Sasha Kaun,CLE,31,26,48,54.2,7,14,50,20,49,40.8,1,2,50,0,1,0,11,38,28.9
Sasha Vujacic,NYK,32,302,527,57.3,85,207,41.1,159,430,37,17,57,29.8,24,57,42.1,109,305,35.7
Sean Kilpatrick,BKN,26,276,429,64.3,47,120,39.2,85,207,41.1,26,58,44.8,19,38,50,98,244,40.2
Serge Ibaka,OKC,26,937,1687,55.5,220,600,36.7,405,1099,36.9,61,155,39.4,57,151,37.7,315,916,34.4
Sergey Karasev,BKN,22,180,267,67.4,34,97,35.1,63,142,44.4,14,32,43.8,7,18,38.9,47,145,32.4
Seth Curry,SAC,25,220,341,64.5,76,211,36,122,284,43,27,60,45,19,54,35.2,111,292,38
Shabazz Muhammad,MIN,23,668,1036,64.5,160,342,46.8,257,626,41.1,45,114,39.5,31,124,25,244,683,35.7
Shabazz Napier,ORL,24,215,357,60.2,41,125,32.8,84,220,38.2,20,51,39.2,11,29,37.9,82,224,36.6
Shane Larkin,BKN,23,726,1106,65.6,169,401,42.1,233,600,38.8,66,146,45.2,43,110,39.1,248,689,36
Shaun Livingston,GSW,30,539,873,61.7,178,489,36.4,249,664,37.5,29,71,40.8,14,45,31.1,179,578,31
Shayne Whittington,IND,25,11,21,52.4,2,4,50,6,16,37.5,1,2,50,2,5,40,5,16,31.3
Shelvin Mack,UTA,26,319,544,58.6,119,273,43.6,175,428,40.9,23,68,33.8,24,64,37.5,135,397,34
Solomon Hill,IND,25,304,506,60.1,74,187,39.6,136,374,36.4,26,70,37.1,28,68,41.2,100,335,29.9
Sonny Weems,PHX,29,181,269,67.3,40,100,40,72,199,36.2,14,31,45.2,9,29,31,73,188,38.8
Spencer Dinwiddie,CHI,23,48,80,60,15,45,33.3,29,81,35.8,2,4,50,1,6,16.7,17,44,38.6
Spencer Hawes,CHA,28,293,519,56.5,102,269,37.9,205,510,40.2,32,71,45.1,21,56,37.5,131,402,32.6
Stanley Johnson,DET,20,548,924,59.3,192,486,39.5,316,797,39.6,22,62,35.5,34,80,42.5,226,580,39
Stephen Curry,GSW,28,895,1533,58.4,335,916,36.6,491,1278,38.4,48,148,32.4,47,120,39.2,344,1073,32.1
Steve Blake,DET,36,310,507,61.1,119,280,42.5,201,497,40.4,12,39,30.8,20,45,44.4,129,341,37.8
Steve Novak,MIL,33,17,29,58.6,1,7,14.3,3,14,21.4,0,0,0,0,2,0,10,27,37
Steven Adams,OKC,22,725,1293,56.1,169,476,35.5,336,912,36.8,49,121,40.5,46,132,34.8,239,735,32.5
TJ McConnell,PHI,24,557,878,63.4,204,490,41.6,318,740,43,28,73,38.4,26,57,45.6,184,515,35.7
TJ Warren,PHX,22,405,637,63.6,106,251,42.2,177,411,43.1,39,78,50,21,53,39.6,140,391,35.8
Taj Gibson,CHI,31,671,1193,56.2,196,523,37.5,383,940,40.7,49,125,39.2,42,101,41.6,237,717,33.1
Tarik Black,LAL,24,170,273,62.3,39,113,34.5,85,204,41.7,19,38,50,15,32,46.9,50,172,29.1
Tayshaun Prince,MIN,36,541,872,62,149,368,40.5,219,567,38.6,40,102,39.2,34,115,29.6,168,511,32.9
Terrence Jones,HOU,24,395,637,62,118,268,44,163,383,42.6,36,88,40.9,35,80,43.8,156,394,39.6
Terrence Ross,TOR,25,532,985,54,175,472,37.1,273,695,39.3,53,106,50,40,114,35.1,207,598,34.6
Terry Rozier,BOS,22,122,199,61.3,30,85,35.3,47,142,33.1,5,17,29.4,7,12,58.3,34,95,35.8
Thabo Sefolosha,ATL,32,584,1003,58.2,170,438,38.8,307,805,38.1,44,125,35.2,46,119,38.7,209,638,32.8
Thaddeus Young,BKN,28,957,1516,63.1,245,568,43.1,396,943,42,69,161,42.9,52,160,32.5,315,884,35.6
Thanasis Antetokounmpo,NYK,23,0,3,0,1,1,100,0,1,0,1,2,50,1,2,50,1,3,33.3
Thomas Robinson,BKN,25,376,593,63.4,79,177,44.6,120,321,37.4,33,72,45.8,29,53,54.7,149,386,38.6
Tiago Splitter,ATL,31,179,329,54.4,39,121,32.2,111,249,44.6,13,37,35.1,10,35,28.6,62,209,29.7
Tibor Pleiss,UTA,26,30,42,71.4,2,15,13.3,13,27,48.1,2,3,66.7,0,3,0,14,39,35.9
Tim Duncan,SAS,40,413,764,54.1,167,446,37.4,327,816,40.1,19,76,25,29,63,46,147,430,34.2
Tim Frazier,NOP,25,228,380,60,66,165,40,134,319,42,15,45,33.3,22,57,38.6,96,294,32.7
Tim Hardaway Jr.,ATL,24,260,470,55.3,81,217,37.3,153,386,39.6,28,76,36.8,21,52,40.4,96,323,29.7
Timofey Mozgov,CLE,29,395,655,60.3,147,377,39,263,665,39.5,28,82,34.1,36,82,43.9,163,452,36.1
Tobias Harris,DET,23,831,1339,62.1,243,613,39.6,461,1132,40.7,56,159,35.2,65,165,39.4,306,924,33.1
Toney Douglas,NOP,30,464,706,65.7,110,271,40.6,216,533,40.5,29,81,35.8,25,66,37.9,199,501,39.7
Tony Allen,MEM,34,514,850,60.5,168,351,47.9,223,581,38.4,44,112,39.3,40,109,36.7,221,623,35.5
Tony Parker,SAS,34,582,1030,56.5,230,563,40.9,387,978,39.6,33,107,30.8,38,88,43.2,195,577,33.8
Tony Snell,CHI,24,456,854,53.4,119,338,35.2,234,625,37.4,30,73,41.1,23,60,38.3,141,500,28.2
Tony Wroten,NYK,23,59,89,66.3,12,38,31.6,25,66,37.9,2,5,40,1,4,25,24,55,43.6
Trevor Ariza,HOU,31,1045,1650,63.3,278,706,39.4,414,1056,39.2,88,246,35.8,103,247,41.7,382,1042,36.7
Trevor Booker,UTA,28,548,917,59.8,128,367,34.9,236,614,38.4,38,108,35.2,45,112,40.2,172,542,31.7
Trey Burke,UTA,23,452,768,58.9,105,315,33.3,206,545,37.8,39,91,42.9,33,89,37.1,156,422,37
Trey Lyles,UTA,20,447,734,60.9,147,354,41.5,210,546,38.5,35,97,36.1,36,94,38.3,153,440,34.8
Tristan Thompson,CLE,25,728,1204,60.5,239,593,40.3,395,982,40.2,52,146,35.6,45,128,35.2,262,768,34.1
Troy Daniels,CHA,24,159,253,62.8,51,118,43.2,77,196,39.3,16,32,50,8,30,26.7,63,184,34.2
Ty Lawson,IND,28,566,883,64.1,141,366,38.5,225,584,38.5,44,112,39.3,38,102,37.3,168,501,33.5
Tyler Ennis,MIL,21,252,411,61.3,57,132,43.2,76,214,35.5,21,55,38.2,16,55,29.1,79,237,33.3
Tyler Hansbrough,CHA,30,112,189,59.3,39,74,52.7,42,121,34.7,14,31,45.2,4,20,20,60,139,43.2
Tyler Johnson,MIA,24,260,441,59,106,255,41.6,143,387,37,24,56,42.9,17,52,32.7,83,284,29.2
Tyler Zeller,BOS,26,243,409,59.4,77,219,35.2,122,321,38,13,43,30.2,20,46,43.5,82,243,33.7
Tyreke Evans,NOP,26,254,419,60.6,59,157,37.6,139,331,42,18,46,39.1,19,43,44.2,103,312,33
Tyson Chandler,PHX,33,514,836,61.5,162,371,43.7,290,723,40.1,42,120,35,44,103,42.7,255,643,39.7
Tyus Jones,MIN,20,247,375,65.9,50,119,42,81,204,39.7,20,44,45.5,14,48,29.2,80,212,37.7
Udonis Haslem,MIA,36,77,132,58.3,23,49,46.9,50,116,43.1,8,14,57.1,7,20,35,31,90,34.4
Victor Oladipo,ORL,24,862,1440,59.9,211,562,37.5,364,917,39.7,58,172,33.7,64,171,37.4,330,931,35.4
Vince Carter,MEM,39,282,455,62,61,166,36.7,144,344,41.9,25,76,32.9,31,70,44.3,178,500,35.6
Wayne Ellington,BKN,28,643,994,64.7,172,415,41.4,255,642,39.7,42,110,38.2,43,110,39.1,201,609,33
Wesley Johnson,LAC,28,574,981,58.5,145,440,33,261,693,37.7,30,84,35.7,46,106,43.4,189,565,33.5
Wesley Matthews,DAL,29,833,1324,62.9,280,687,40.8,483,1145,42.2,71,192,37,62,205,30.2,353,1004,35.2
Will Barton,DEN,25,867,1422,61,208,518,40.2,381,925,41.2,55,164,33.5,59,163,36.2,290,851,34.1
Willie Cauley-Stein,SAC,22,469,707,66.3,169,422,40,266,623,42.7,49,120,40.8,35,107,32.7,217,581,37.3
Willie Reed,BKN,26,164,247,66.4,35,97,36.1,71,163,43.6,19,46,41.3,11,25,44,49,154,31.8
Xavier Munford,MEM,24,64,102,62.7,22,51,43.1,31,78,39.7,10,22,45.5,13,21,61.9,41,109,37.6
Zach LaVine,MIN,21,916,1397,65.6,216,525,41.1,384,923,41.6,65,156,41.7,55,178,30.9,322,896,35.9
Zach Randolph,MEM,34,658,1055,62.4,187,431,43.4,293,753,38.9,47,138,34.1,64,130,49.2,281,780,36
Zaza Pachulia,DAL,32,634,1012,62.6,217,537,40.4,388,916,42.4,47,135,34.8,43,142,30.3,249,725,34.3