PLAYER,TEAM,GP,POSS,FREQ,PPP,PTS,FGM,FGA,FG%,EFG%,FT,TO,SF,ANDONE,SCORE,PERCENTILE
Jodie Meeks,DET,3,1,5.60%,0,0,0,1,0,0,0.00%,0.00%,0.00%,0.00%,0.00%,
Alex Stepheson,MEM,4,1,3.40%,0,0,0,1,0,0,0.00%,0.00%,0.00%,0.00%,0.00%,
Jordan McRae,PHX,7,1,4.00%,0,0,0,1,0,0,0.00%,0.00%,0.00%,0.00%,0.00%,
John Jenkins,PHX,22,1,1.60%,0,0,0,1,0,0,0.00%,0.00%,0.00%,0.00%,0.00%,
Nate Robinson,NOP,2,1,9.10%,0,0,0,1,0,0,0.00%,0.00%,0.00%,0.00%,0.00%,
Tony Wroten,PHI,8,2,5.30%,0,0,0,2,0,0,0.00%,0.00%,0.00%,0.00%,0.00%,
Troy Daniels,CHA,43,4,2.80%,0,0,0,3,0,0,0.00%,25.00%,0.00%,0.00%,0.00%,
Bryce Cotton,PHX,3,1,5.30%,1,1,0,0,0,0,100.00%,0.00%,100.00%,0.00%,100.00%,
Sean Kilpatrick,BKN,22,7,5.90%,1.14,8,2,6,33.3,50,14.30%,0.00%,14.30%,0.00%,42.90%,
Phil Pressey,PHI,13,7,10.80%,0.86,6,1,5,20,20,28.60%,0.00%,28.60%,0.00%,42.90%,
Spencer Dinwiddie,DET,14,5,7.40%,0.4,2,0,4,0,0,20.00%,0.00%,20.00%,0.00%,20.00%,
Brandan Wright,MEM,12,5,6.00%,0.4,2,1,5,20,20,0.00%,0.00%,0.00%,0.00%,20.00%,
Greg Smith,MIN,18,5,7.70%,0.4,2,1,5,20,20,0.00%,0.00%,0.00%,0.00%,20.00%,
JaVale McGee,DAL,34,6,3.90%,0.33,2,0,4,0,0,16.70%,16.70%,16.70%,0.00%,16.70%,
Bryce Dejean-Jones,NOP,14,3,3.90%,1.33,4,2,2,100,100,0.00%,33.30%,0.00%,0.00%,66.70%,
Josh Huestis,OKC,5,4,20.00%,1,4,1,2,50,50,25.00%,25.00%,0.00%,0.00%,50.00%,
Elton Brand,PHI,17,4,2.90%,1,4,1,3,33.3,33.3,25.00%,0.00%,25.00%,0.00%,50.00%,
Henry Sims,BKN,14,5,5.30%,0.8,4,2,5,40,40,0.00%,0.00%,0.00%,0.00%,40.00%,
Nikola Pekovic,MIN,12,5,7.60%,0.8,4,2,5,40,40,0.00%,0.00%,0.00%,0.00%,40.00%,
Briante Weber,MEM,6,5,7.90%,0.8,4,1,3,33.3,50,20.00%,20.00%,20.00%,0.00%,40.00%,
Michael Kidd-Gilchrist,CHA,7,7,8.00%,0.57,4,2,7,28.6,28.6,0.00%,0.00%,0.00%,0.00%,28.60%,
Caron Butler,SAC,17,9,17.00%,0.44,4,1,8,12.5,12.5,11.10%,0.00%,11.10%,0.00%,22.20%,
Xavier Munford,MEM,14,6,6.30%,0.83,5,2,5,40,50,0.00%,16.70%,0.00%,0.00%,33.30%,
Darrun Hilliard,DET,38,8,7.70%,0.63,5,2,7,28.6,28.6,12.50%,0.00%,12.50%,0.00%,37.50%,
Robert Sacre,LAL,25,6,4.30%,1,6,3,5,60,60,0.00%,16.70%,0.00%,0.00%,50.00%,
Chris Andersen,MEM,20,8,6.20%,0.75,6,2,4,50,50,12.50%,37.50%,12.50%,0.00%,37.50%,
Alan Anderson,WAS,13,5,6.70%,1.4,7,3,5,60,70,0.00%,0.00%,0.00%,0.00%,60.00%,
James Ennis,NOP,9,6,6.60%,1.17,7,3,6,50,50,16.70%,0.00%,16.70%,16.70%,50.00%,
Ryan Hollins,MEM,18,6,6.30%,1.33,8,3,4,75,75,33.30%,0.00%,33.30%,0.00%,83.30%,
Jordan Hamilton,NOP,11,6,6.80%,1.5,9,3,5,60,70,33.30%,0.00%,33.30%,16.70%,66.70%,
Michael Beasley,HOU,20,9,7.60%,1.33,12,3,6,50,50,44.40%,0.00%,44.40%,11.10%,66.70%,
Ray McCallum,MEM,10,7,9.20%,2.14,15,5,6,83.3,91.7,42.90%,0.00%,42.90%,28.60%,85.70%,
Aaron Brooks,CHI,69,30,7.40%,0.8,24,9,26,34.6,38.5,6.70%,6.70%,6.70%,0.00%,36.70%,60.4
Aaron Gordon,ORL,78,62,10.00%,0.94,58,22,46,47.8,48.9,14.50%,11.30%,16.10%,1.60%,48.40%,30.9
Al Farouq Aminu,POR,82,81,11.20%,0.78,63,17,53,32.1,35.8,18.50%,19.80%,13.60%,3.70%,35.80%,66.1
Al Jefferson,CHA,47,23,4.50%,1.04,24,10,19,52.6,52.6,8.70%,8.70%,8.70%,0.00%,52.20%,14.4
Al Horford,ATL,82,85,7.40%,0.82,70,28,72,38.9,40.3,9.40%,7.10%,8.20%,1.20%,41.20%,55.9
JJ Hickson,DEN,20,6,4.30%,0.67,4,2,6,33.3,33.3,0.00%,0.00%,0.00%,0.00%,33.30%,
Jarell Martin,MEM,27,10,7.80%,0.6,6,3,7,42.9,42.9,0.00%,30.00%,0.00%,0.00%,30.00%,92.2
Joe Young,IND,36,11,7.90%,1.18,13,6,11,54.5,54.5,9.10%,0.00%,9.10%,9.10%,54.50%,4
Jordan Farmar,MEM,12,11,9.80%,0.91,10,2,6,33.3,33.3,36.40%,9.10%,36.40%,0.00%,45.50%,35.7
Reggie Bullock,DET,37,10,7.10%,1.8,18,6,8,75,87.5,20.00%,0.00%,20.00%,0.00%,80.00%,0
Jason Thompson,TOR,19,11,11.60%,1.09,12,4,9,44.4,44.4,18.20%,0.00%,18.20%,0.00%,54.50%,8.5
Cristiano Felicio,CHI,31,13,9.50%,0.62,8,3,11,27.3,27.3,7.70%,7.70%,7.70%,0.00%,30.80%,91.2
Brandon Jennings,DET,23,9,6.10%,0.78,7,3,7,42.9,42.9,11.10%,11.10%,11.10%,0.00%,44.40%,
Lance Stephenson,LAC,43,26,11.30%,0.77,20,6,16,37.5,37.5,19.20%,23.10%,15.40%,3.80%,38.50%,67.8
Maurice Williams,CLE,41,14,5.60%,0.29,4,2,13,15.4,15.4,0.00%,7.10%,0.00%,0.00%,14.30%,100
Glenn Robinson III,IND,45,11,7.30%,0.82,9,4,9,44.4,44.4,9.10%,18.20%,9.10%,9.10%,36.40%,56.9
Rasual Butler,SAS,39,13,9.90%,0.46,6,2,12,16.7,16.7,7.70%,0.00%,7.70%,0.00%,23.10%,98.7
Tim Frazier,NOP,16,14,8.50%,0.93,13,6,12,50,54.2,7.10%,14.30%,7.10%,7.10%,42.90%,32.3
Kendall Marshall,PHI,30,15,10.40%,0.67,10,2,9,22.2,22.2,20.00%,20.00%,20.00%,0.00%,33.30%,86.4
Terry Rozier III,BOS,31,11,12.20%,0.73,8,1,7,14.3,14.3,36.40%,0.00%,36.40%,0.00%,45.50%,76.3
Axel Toupane,DEN,21,12,9.80%,0.67,8,2,10,20,20,16.70%,0.00%,16.70%,0.00%,33.30%,86.4
Kendrick Perkins,NOP,38,16,6.30%,0.69,11,5,16,31.3,34.4,0.00%,0.00%,0.00%,0.00%,31.30%,83.2
Channing Frye,CLE,26,8,4.40%,1.25,10,4,7,57.1,64.3,12.50%,0.00%,12.50%,0.00%,62.50%,
Kevin Garnett,MIN,38,18,9.40%,0.44,8,3,14,21.4,21.4,11.10%,11.10%,11.10%,0.00%,22.20%,99.2
DJ Augustin,OKC,34,11,5.90%,1.09,12,4,9,44.4,44.4,18.20%,0.00%,18.20%,0.00%,54.50%,8.5
Lamar Patterson,ATL,35,13,10.50%,0.69,9,2,7,28.6,28.6,23.10%,23.10%,23.10%,0.00%,38.50%,82.6
C.J. Watson,ORL,33,14,6.90%,0.86,12,5,11,45.5,50,14.30%,7.10%,14.30%,0.00%,42.90%,47.2
Tiago Splitter,ATL,36,21,7.80%,0.43,9,3,16,18.8,18.8,9.50%,14.30%,9.50%,0.00%,23.80%,99.5
Greivis Vasquez,MIL,23,14,9.70%,0.71,10,3,9,33.3,38.9,14.30%,21.40%,7.10%,0.00%,35.70%,78.6
Drew Gooden,WAS,30,14,12.30%,0.86,12,5,12,41.7,41.7,7.10%,7.10%,7.10%,0.00%,42.90%,47.2
Kevin Martin,MIN,39,16,6.90%,0.63,10,4,13,30.8,34.6,6.30%,12.50%,6.30%,0.00%,31.30%,90.4
Shelvin Mack,UTA,28,26,7.20%,0.58,15,3,20,15,15,23.10%,0.00%,23.10%,0.00%,34.60%,94.2
Ty Lawson,HOU,53,20,5.60%,0.5,10,5,17,29.4,29.4,5.00%,15.00%,5.00%,5.00%,25.00%,96.7
Jared Cunningham,MIL,4,3,13.00%,0,0,0,2,0,0,0.00%,33.30%,0.00%,0.00%,0.00%,
Amare Stoudemire,MIA,52,14,3.60%,0.79,11,4,11,36.4,36.4,14.30%,14.30%,14.30%,7.10%,35.70%,64.3
David Lee,DAL,25,16,8.60%,1.31,21,10,14,71.4,75,6.30%,12.50%,6.30%,6.30%,62.50%,1.5
Dewayne Dedmon,ORL,58,14,5.20%,0.79,11,4,8,50,50,21.40%,21.40%,14.30%,0.00%,42.90%,64.3
Sergey Karasev,BKN,35,17,12.60%,0.71,12,5,14,35.7,39.3,5.90%,11.80%,5.90%,0.00%,35.30%,80.4
Marcelo Huertas,LAL,53,21,6.60%,0.67,14,3,15,20,26.7,19.00%,9.50%,19.00%,0.00%,28.60%,86.4
Josh Smith,HOU,23,18,9.80%,1.17,21,6,14,42.9,50,22.20%,5.60%,22.20%,5.60%,50.00%,4.8
Beno Udrih,MIA,36,16,6.90%,0.75,12,6,11,54.5,54.5,0.00%,31.30%,0.00%,0.00%,37.50%,70.8
James Jones,CLE,38,17,13.20%,0.71,12,5,15,33.3,33.3,5.90%,5.90%,5.90%,0.00%,35.30%,80.4
Charlie Villanueva,DAL,62,26,10.80%,0.46,12,3,19,15.8,15.8,19.20%,7.70%,19.20%,0.00%,26.90%,98.7
Tyler Johnson,MIA,36,10,3.40%,1.3,13,5,9,55.6,61.1,20.00%,0.00%,20.00%,10.00%,60.00%,1.8
Anderson Varejao,CLE,31,11,7.60%,1.18,13,5,8,62.5,62.5,18.20%,9.10%,18.20%,0.00%,63.60%,4
Kevin Seraphin,NYK,49,17,6.70%,0.88,15,7,14,50,50,5.90%,11.80%,5.90%,0.00%,47.10%,42.2
Spencer Hawes,CHA,57,20,4.40%,0.75,15,6,18,33.3,33.3,10.00%,0.00%,10.00%,0.00%,40.00%,70.8
Alec Burks,UTA,31,22,9.00%,0.68,15,7,20,35,37.5,0.00%,9.10%,0.00%,0.00%,31.80%,84.2
Brian Roberts,CHA,30,10,7.90%,1.4,14,3,5,60,70,50.00%,10.00%,30.00%,10.00%,70.00%,0.5
Chris McCullough,BKN,24,16,11.20%,1.25,20,8,13,61.5,65.4,12.50%,12.50%,12.50%,6.30%,56.30%,2.3
Salah Mejri,DAL,34,16,9.80%,1,16,6,14,42.9,42.9,25.00%,0.00%,25.00%,12.50%,50.00%,18.7
Randy Foye,DEN,54,27,7.40%,0.89,24,9,23,39.1,43.5,14.80%,7.40%,14.80%,7.40%,40.70%,39.5
Shabazz Napier,ORL,55,18,7.60%,0.89,16,6,11,54.5,54.5,16.70%,22.20%,11.10%,0.00%,50.00%,39.5
Jeremy Lamb,CHA,66,22,4.80%,0.64,14,4,17,23.5,23.5,13.60%,9.10%,13.60%,0.00%,31.80%,89.4
Anthony Brown,LAL,29,25,12.30%,0.56,14,6,21,28.6,28.6,8.00%,8.00%,8.00%,0.00%,32.00%,95
JaKarr Sampson,PHI,47,31,12.60%,0.68,21,7,22,31.8,38.6,6.50%,22.60%,3.20%,0.00%,29.00%,84.7
Sonny Weems,PHX,36,14,12.20%,1.07,15,4,8,50,50,35.70%,14.30%,35.70%,7.10%,57.10%,9.8
Ish Smith,PHI,50,38,6.50%,0.92,35,14,32,43.8,45.3,13.20%,5.30%,10.50%,2.60%,44.70%,32.8
Miles Plumlee,MIL,61,19,5.70%,0.79,15,7,18,38.9,41.7,0.00%,5.30%,0.00%,0.00%,36.80%,62.3
Jusuf Nurkic,DEN,32,25,10.60%,0.84,21,10,21,47.6,47.6,8.00%,12.00%,8.00%,4.00%,44.00%,52.1
Markieff Morris,WAS,27,34,10.40%,0.62,21,6,25,24,24,14.70%,11.80%,11.80%,0.00%,32.40%,91
Rashad Vaughn,MIL,70,30,10.10%,0.5,15,5,24,20.8,20.8,13.30%,6.70%,10.00%,0.00%,26.70%,96.7
Willie Reed,BKN,39,12,6.20%,1.33,16,7,11,63.6,63.6,16.70%,0.00%,8.30%,8.30%,66.70%,1.3
Donatas Motiejunas,HOU,37,20,9.00%,0.8,16,8,18,44.4,44.4,0.00%,10.00%,0.00%,0.00%,40.00%,60.4
Justin Holiday,CHI,27,20,10.00%,1.15,23,9,16,56.3,59.4,10.00%,10.00%,10.00%,0.00%,55.00%,6.5
Gary Neal,WAS,40,17,7.60%,0.94,16,7,13,53.8,53.8,5.90%,17.60%,5.90%,0.00%,47.10%,29.6
Ryan Kelly,LAL,36,21,13.00%,0.86,18,7,19,36.8,39.5,9.50%,0.00%,9.50%,0.00%,42.90%,47.2
Tarik Black,LAL,39,23,11.00%,0.83,19,6,18,33.3,36.1,21.70%,8.70%,21.70%,8.70%,34.80%,55.3
Boban Marjanovic,SAS,46,26,11.40%,0.69,18,7,22,31.8,31.8,11.50%,7.70%,11.50%,3.80%,34.60%,82.6
PJ Hairston,CHA,48,27,7.90%,0.59,16,5,20,25,25,14.80%,11.10%,14.80%,0.00%,29.60%,93
Damjan Rudez,MIN,26,14,12.40%,1.21,17,6,10,60,60,21.40%,7.10%,14.30%,0.00%,64.30%,2.8
Andre Miller,MIN,26,14,11.10%,1.21,17,7,11,63.6,68.2,7.10%,14.30%,7.10%,0.00%,57.10%,2.8
Seth Curry,SAC,44,24,11.00%,0.96,23,9,20,45,50,8.30%,8.30%,4.20%,0.00%,45.80%,26.6
Manu Ginobili,SAS,58,17,6.10%,1,17,6,11,54.5,59.1,11.80%,23.50%,5.90%,0.00%,47.10%,18.7
Tyreke Evans,NOP,25,22,9.10%,0.77,17,2,10,20,30,22.70%,31.80%,13.60%,0.00%,31.80%,66.4
Kyle O'Quinn,NYK,65,23,5.70%,0.74,17,8,22,36.4,36.4,4.30%,4.30%,4.30%,4.30%,34.80%,73.4
Bobby Portis,CHI,62,43,9.40%,0.49,21,7,34,20.6,22.1,7.00%,14.00%,7.00%,0.00%,23.30%,97
Jeremy Evans,DAL,20,12,11.80%,1.5,18,6,10,60,70,16.70%,0.00%,16.70%,0.00%,66.70%,0.3
Rondae Hollis-Jefferson,BKN,29,19,8.40%,1.05,20,7,14,50,57.1,10.50%,15.80%,5.30%,0.00%,47.40%,12.8
Justin Anderson,DAL,56,20,11.40%,1.15,23,9,14,64.3,67.9,20.00%,15.00%,20.00%,5.00%,60.00%,6.5
Andrew Nicholson,ORL,56,21,7.30%,0.95,20,8,19,42.1,44.7,9.50%,0.00%,9.50%,0.00%,47.60%,27.9
Courtney Lee,MEM,51,33,7.70%,0.97,32,14,32,43.8,48.4,3.00%,3.00%,3.00%,3.00%,42.40%,24.8
Joakim Noah,CHI,29,24,7.30%,0.75,18,6,21,28.6,33.3,8.30%,4.20%,8.30%,0.00%,33.30%,70.8
Cole Aldrich,LAC,60,33,8.00%,0.73,24,9,22,40.9,43.2,12.10%,21.20%,12.10%,0.00%,36.40%,76.3
Kostas Papanikolaou,DEN,26,14,12.10%,1.36,19,9,14,64.3,67.9,0.00%,0.00%,0.00%,0.00%,64.30%,1
Thomas Robinson,BKN,71,19,5.90%,1,19,7,15,46.7,56.7,10.50%,10.50%,10.50%,0.00%,42.10%,18.7
Tim Hardaway Jr.,ATL,51,22,8.10%,1,22,9,20,45,47.5,13.60%,0.00%,13.60%,4.50%,45.50%,18.7
Norman Powell,TOR,49,28,11.00%,1,28,9,18,50,52.8,21.40%,14.30%,17.90%,0.00%,53.60%,18.7
Metta World Peace,LAL,35,23,12.20%,0.83,19,7,17,41.2,41.2,13.00%,13.00%,13.00%,0.00%,43.50%,55.3
John Henson,MIL,57,24,6.20%,0.79,19,6,20,30,32.5,12.50%,4.20%,12.50%,0.00%,37.50%,61.9
Gerald Henderson,POR,72,27,6.80%,0.78,21,7,22,31.8,31.8,14.80%,7.40%,14.80%,3.70%,37.00%,66.1
Ronnie Price,PHX,62,33,7.30%,0.76,25,8,22,36.4,40.9,27.30%,9.10%,21.20%,3.00%,42.40%,69.2
Dennis Schroder,ATL,80,40,7.20%,0.52,21,9,29,31,31,5.00%,22.50%,5.00%,0.00%,27.50%,96
Josh McRoberts,MIA,42,22,8.30%,1.05,23,7,17,41.2,50,13.60%,9.10%,13.60%,0.00%,45.50%,13.8
Kirk Hinrich,CHI,36,23,9.60%,0.87,20,9,17,52.9,52.9,8.70%,21.70%,8.70%,4.30%,43.50%,44.7
DeMarre Carroll,TOR,26,23,8.40%,0.87,20,5,12,41.7,41.7,26.10%,21.70%,26.10%,0.00%,47.80%,44.7
Jonathan Simmons,SAS,55,27,11.30%,0.89,24,9,20,45,45,18.50%,11.10%,14.80%,3.70%,48.10%,39.5
Tyler Zeller,BOS,61,27,7.50%,0.85,23,10,24,41.7,45.8,3.70%,7.40%,3.70%,0.00%,40.70%,48.9
Solomon Hill,IND,59,31,10.90%,0.65,20,7,25,28,30,9.70%,9.70%,3.20%,0.00%,32.30%,89
Tyler Ennis,MIL,46,24,10.30%,1,24,10,19,52.6,52.6,16.70%,8.30%,12.50%,4.20%,50.00%,18.7
Alexis Ajinca,NOP,59,28,7.00%,1.14,32,11,23,47.8,52.2,21.40%,3.60%,17.90%,7.10%,53.60%,7
James Anderson,SAC,51,30,10.80%,0.83,25,9,24,37.5,37.5,16.70%,6.70%,13.30%,3.30%,43.30%,54
Vince Carter,MEM,60,29,9.50%,0.79,23,8,22,36.4,38.6,10.30%,13.80%,10.30%,0.00%,37.90%,61.7
Festus Ezeli,GSW,46,33,7.50%,0.7,23,9,26,34.6,34.6,9.10%,12.10%,9.10%,0.00%,36.40%,81.2
Mike Scott,ATL,75,33,9.10%,0.64,21,10,30,33.3,33.3,3.00%,6.10%,3.00%,0.00%,33.30%,89.4
Myles Turner,IND,60,39,6.30%,0.72,28,12,36,33.3,36.1,5.10%,5.10%,5.10%,2.60%,33.30%,77.9
Devin Harris,DAL,64,41,9.70%,0.54,22,5,30,16.7,20,12.20%,14.60%,9.80%,0.00%,24.40%,95.2
Carl Landry,PHI,36,16,6.50%,1.38,22,10,14,71.4,75,12.50%,6.30%,12.50%,6.30%,68.80%,0.8
Chase Budinger,IND,49,19,8.80%,1.16,22,8,14,57.1,57.1,26.30%,0.00%,26.30%,0.00%,63.20%,5.8
Nick Young,LAL,54,22,8.50%,1,22,8,16,50,62.5,4.50%,22.70%,4.50%,0.00%,40.90%,18.7
Tyus Jones,MIN,37,26,12.70%,1.04,27,11,22,50,56.8,3.80%,11.50%,3.80%,0.00%,46.20%,15.3
Jeff Withey,UTA,51,26,9.10%,0.85,22,8,21,38.1,38.1,23.10%,0.00%,23.10%,3.80%,46.20%,50.3
Kris Humphries,WAS,28,22,13.70%,1.05,23,10,18,55.6,58.3,4.50%,13.60%,4.50%,0.00%,50.00%,13.8
Montrezl Harrell,HOU,34,25,16.40%,0.92,23,9,23,39.1,43.5,8.00%,4.00%,8.00%,4.00%,40.00%,33.1
Jarrett Jack,BKN,32,26,7.00%,0.88,23,9,22,40.9,43.2,11.50%,3.80%,11.50%,0.00%,46.20%,41.2
Jerian Grant,NYK,76,30,7.20%,0.83,25,7,21,33.3,38.1,20.00%,13.30%,16.70%,3.30%,40.00%,54
JaMychal Green,MEM,78,35,6.30%,0.74,26,11,30,36.7,38.3,5.70%,8.60%,5.70%,0.00%,37.10%,72.5
Eric Bledsoe,PHX,33,34,7.70%,0.68,23,9,26,34.6,36.5,5.90%,14.70%,8.80%,0.00%,32.40%,85
Dwyane Wade,MIA,74,39,6.80%,0.59,23,9,32,28.1,29.7,5.10%,12.80%,5.10%,0.00%,28.20%,93.5
Richaun Holmes,PHI,51,23,6.80%,1.04,24,8,19,42.1,44.7,26.10%,0.00%,26.10%,8.70%,52.20%,14.4
Marcus Thornton,HOU,47,23,10.50%,1.04,24,4,13,30.8,38.5,34.80%,8.70%,26.10%,0.00%,52.20%,14.4
Joe Johnson,BKN,57,59,10.10%,1.03,61,23,43,53.5,55.8,13.60%,11.90%,13.60%,0.00%,52.50%,15.8
Nick Collison,OKC,59,35,12.10%,0.69,24,9,31,29,30.6,8.60%,5.70%,8.60%,2.90%,31.40%,83.5
Jamal Crawford,LAC,79,35,6.80%,0.77,27,10,25,40,42,8.60%,20.00%,5.70%,0.00%,37.10%,66.7
CJ Miles,IND,64,38,8.50%,0.63,24,8,29,27.6,27.6,13.20%,13.20%,7.90%,2.60%,31.60%,89.7
Ian Clark,GSW,54,23,11.10%,1.09,25,7,18,38.9,44.4,21.70%,4.30%,17.40%,4.30%,47.80%,9
T.J. McConnell,PHI,81,25,4.60%,1,25,11,23,47.8,52.2,8.00%,4.00%,8.00%,4.00%,48.00%,18.7
Cameron Payne,OKC,57,28,10.50%,0.89,25,7,21,33.3,35.7,25.00%,7.10%,21.40%,7.10%,39.30%,37.6
Mike Dunleavy,CHI,31,31,14.40%,0.87,27,10,28,35.7,39.3,12.90%,0.00%,12.90%,3.20%,41.90%,44.1
Richard Jefferson,CLE,74,53,12.60%,0.47,25,11,46,23.9,25,3.80%,9.40%,3.80%,0.00%,24.50%,97.7
Andrea Bargnani,BKN,46,27,11.70%,0.96,26,9,18,50,52.8,18.50%,18.50%,18.50%,3.70%,48.10%,26.3
Kelly Oubre Jr.,WAS,63,31,12.30%,0.84,26,6,20,30,30,29.00%,9.70%,25.80%,3.20%,45.20%,52.6
Mario Hezonja,ORL,79,36,8.20%,0.83,30,11,29,37.9,37.9,22.20%,5.60%,16.70%,8.30%,41.70%,54
Kyle Anderson,SAS,78,39,9.80%,0.79,31,13,27,48.1,48.1,12.80%,17.90%,7.70%,0.00%,43.60%,61.4
Jahil Okafor,PHI,53,44,5.70%,0.59,26,8,34,23.5,26.5,13.60%,9.10%,11.40%,0.00%,29.50%,93.2
Tim Duncan,SAS,61,47,7.10%,0.6,28,12,41,29.3,31.7,2.10%,10.60%,2.10%,0.00%,27.70%,92.5
Archie Goodwin,PHX,57,32,7.80%,0.97,31,8,17,47.1,50,25.00%,25.00%,25.00%,3.10%,46.90%,25.1
Jonas Valanciunas,TOR,60,27,3.90%,1,27,9,19,47.4,47.4,29.60%,11.10%,29.60%,11.10%,51.90%,18.7
Jeff Green,MEM,53,37,7.60%,0.81,30,11,31,35.5,38.7,8.10%,8.10%,8.10%,0.00%,37.80%,58.6
Jameer Nelson,DEN,39,32,9.30%,0.84,27,12,25,48,50,6.30%,18.80%,3.10%,3.10%,40.60%,50.6
Josh Richardson,MIA,53,37,8.60%,0.84,31,11,30,36.7,40,10.80%,8.10%,10.80%,0.00%,40.50%,53.3
Joffrey Lauvergne,DEN,59,36,9.10%,0.81,29,12,31,38.7,38.7,11.10%,5.60%,11.10%,2.80%,38.90%,58.9
Wayne Ellington,BKN,76,36,7.60%,0.75,27,9,29,31,31,13.90%,5.60%,11.10%,0.00%,38.90%,70.8
Mike Conley,MEM,56,36,5.60%,0.75,27,10,28,35.7,39.3,11.10%,11.10%,8.30%,0.00%,36.10%,70.8
OJ Mayo,MIL,41,37,11.00%,0.73,27,8,26,30.8,32.7,16.20%,16.20%,13.50%,2.70%,35.10%,74.7
Luc Mbah a Moute,LAC,75,64,12.60%,0.47,30,10,57,17.5,19.3,7.80%,4.70%,7.80%,1.60%,21.90%,98
Mike Muscala,ATL,52,25,9.10%,1.24,31,12,20,60,67.5,12.00%,8.00%,12.00%,0.00%,56.00%,2.5
Anthony Morrow,OKC,68,25,9.80%,1.2,30,13,22,59.1,65.9,4.00%,8.00%,4.00%,0.00%,56.00%,3.5
TJ Warren,PHX,47,27,9.60%,1.04,28,9,21,42.9,47.6,22.20%,7.40%,22.20%,7.40%,48.10%,15.5
Pablo Prigioni,LAC,59,30,10.80%,0.93,28,11,27,40.7,46.3,13.30%,0.00%,6.70%,3.30%,43.30%,31.7
Greg Monroe,MIL,79,32,4.10%,0.94,30,14,26,53.8,53.8,3.10%,15.60%,3.10%,0.00%,46.90%,30
Marc Gasol,MEM,52,41,6.30%,0.68,28,12,33,36.4,36.4,12.20%,7.30%,9.80%,0.00%,36.60%,84
Noah Vonleh,POR,78,48,10.80%,0.63,30,12,40,30,30,8.30%,6.30%,8.30%,0.00%,33.30%,90.4
George Hill,IND,74,51,5.00%,0.61,31,8,36,22.2,26.4,17.60%,13.70%,17.60%,2.00%,29.40%,91.5
Lance Thomas,NYK,59,50,11.70%,0.58,29,9,38,23.7,25,16.00%,8.00%,12.00%,0.00%,32.00%,94
Will Barton,DEN,82,51,7.50%,0.57,29,9,42,21.4,22.6,13.70%,5.90%,9.80%,2.00%,27.50%,94.5
Markel Brown,BKN,63,31,9.40%,1.03,32,9,19,47.4,50,25.80%,12.90%,22.60%,0.00%,51.60%,16.1
Derrick Rose,CHI,66,41,5.80%,0.73,30,12,30,40,40,12.20%,17.10%,12.20%,2.40%,39.00%,74.2
Frank Kaminsky,CHA,81,62,8.90%,0.48,30,11,50,22,22,9.70%,12.90%,9.70%,3.20%,24.20%,97.2
Tony Allen,MEM,64,32,6.60%,1.03,33,11,25,44,50,18.80%,12.50%,15.60%,9.40%,43.80%,16.5
Jason Smith,ORL,76,33,7.50%,1,33,13,26,50,50,15.20%,9.10%,15.20%,3.00%,51.50%,18.7
Brandon Knight,PHX,52,37,5.40%,0.84,31,9,27,33.3,38.9,16.20%,10.80%,13.50%,0.00%,40.50%,53.3
Joe Ingles,UTA,81,48,14.50%,0.94,45,19,41,46.3,48.8,8.30%,8.30%,6.30%,2.10%,45.80%,30
Trey Burke,UTA,65,31,6.70%,1.03,32,9,23,39.1,45.7,22.60%,6.50%,16.10%,3.20%,48.40%,16.1
Aron Baynes,DET,81,34,5.10%,1,34,15,30,50,51.7,5.90%,8.80%,5.90%,2.90%,47.10%,18.7
Maurice Harkless,POR,78,36,7.90%,0.89,32,12,25,48,50,11.10%,19.40%,11.10%,0.00%,44.40%,39.5
Sasha Vujacic,NYK,61,37,11.10%,0.86,32,11,24,45.8,47.9,16.20%,16.20%,16.20%,0.00%,45.90%,46.1
Kobe Bryant,LAL,66,45,8.90%,0.87,39,14,38,36.8,38.2,13.30%,4.40%,15.60%,4.40%,40.00%,45.6
Ben McLemore,SAC,68,42,7.90%,0.76,32,10,30,33.3,35,14.30%,14.30%,14.30%,0.00%,38.10%,68.7
Kelly Olynyk,BOS,69,53,8.10%,0.68,36,14,44,31.8,31.8,11.30%,9.40%,11.30%,3.80%,32.10%,84.5
Luis Scola,TOR,76,44,7.50%,0.73,32,10,33,30.3,30.3,15.90%,11.40%,15.90%,2.30%,36.40%,76.3
Quincy Acy,SAC,59,46,15.00%,0.76,35,12,30,40,43.3,15.20%,19.60%,13.00%,0.00%,39.10%,68.9
Carmelo Anthony,NYK,72,48,8.00%,0.71,34,13,40,32.5,37.5,10.40%,8.30%,10.40%,4.20%,31.30%,79.7
Zach Randolph,MEM,68,53,7.10%,0.6,32,14,47,29.8,29.8,5.70%,7.50%,5.70%,1.90%,30.20%,91.7
Andrew Bogut,GSW,70,58,7.30%,0.62,36,10,46,21.7,23.9,12.10%,8.60%,12.10%,0.00%,29.30%,90.7
Norris Cole,NOP,45,31,8.60%,1.06,33,10,22,45.5,50,19.40%,12.90%,19.40%,3.20%,48.40%,11.8
Kyrie Irving,CLE,53,36,6.90%,0.97,35,12,27,44.4,48.1,13.90%,13.90%,13.90%,2.80%,44.40%,24.6
Tobias Harris,ORL,49,49,10.70%,1.02,50,21,43,48.8,54.7,6.10%,8.20%,6.10%,2.00%,46.90%,17.3
Shabazz Muhammad,MIN,82,50,10.80%,0.74,37,16,43,37.2,39.5,4.00%,10.00%,4.00%,0.00%,36.00%,73.2
Steve Blake,DET,58,30,7.10%,1.2,36,13,26,50,55.8,13.30%,3.30%,13.30%,3.30%,53.30%,3.5
Ed Davis,POR,81,40,5.10%,0.85,34,14,34,41.2,42.6,10.00%,7.50%,10.00%,2.50%,40.00%,49.1
Donald Sloan,BKN,61,30,6.30%,1.27,38,13,26,50,61.5,16.70%,6.70%,13.30%,10.00%,50.00%,2
Rodney Stuckey,IND,58,33,8.80%,1.12,37,13,30,43.3,53.3,9.10%,3.00%,9.10%,3.00%,45.50%,7.5
Brandon Bass,LAL,66,37,7.00%,0.95,35,15,32,46.9,48.4,8.10%,8.10%,8.10%,2.70%,45.90%,28.8
Isaiah Canaan,PHI,77,48,8.50%,0.73,35,10,32,31.3,32.8,16.70%,18.80%,10.40%,2.10%,35.40%,74.9
Chris Paul,LAC,75,52,6.00%,0.67,35,13,41,31.7,34.1,11.50%,13.50%,11.50%,3.80%,32.70%,85.5
Kyle Lowry,TOR,77,53,6.10%,0.66,35,14,40,35,36.3,9.40%,15.10%,7.50%,0.00%,34.00%,87.5
Chris Johnson,UTA,70,31,9.50%,1.16,36,9,18,50,58.3,25.80%,19.40%,25.80%,3.20%,51.60%,5.5
Johnny OBryant,MIL,66,34,11.90%,1.06,36,8,22,36.4,38.6,26.50%,8.80%,23.50%,0.00%,47.10%,12.3
Cody Zeller,CHA,73,40,5.40%,0.9,36,15,32,46.9,48.4,10.00%,12.50%,10.00%,2.50%,45.00%,36.7
Mario Chalmers,MEM,55,41,9.00%,0.88,36,8,23,34.8,37,31.70%,19.50%,26.80%,7.30%,41.50%,43.1
Kosta Koufos,SAC,78,45,6.20%,0.8,36,14,39,35.9,41,6.70%,6.70%,6.70%,0.00%,35.60%,60.4
Omer Asik,NOP,68,47,8.70%,0.83,39,15,42,35.7,35.7,12.80%,0.00%,12.80%,2.10%,42.60%,54.9
Jon Leuer,PHX,67,50,10.70%,0.78,39,13,40,32.5,36.3,12.00%,10.00%,10.00%,2.00%,36.00%,65.7
Michael Carter-Williams,MIL,54,48,8.00%,0.75,36,9,29,31,32.8,22.90%,16.70%,18.80%,0.00%,41.70%,70.8
David West,SAS,78,36,5.60%,1.03,37,15,30,50,53.3,13.90%,5.60%,8.30%,2.80%,50.00%,16.8
Hassan Whiteside,MIA,73,46,4.00%,0.93,43,20,42,47.6,48.8,4.30%,6.50%,4.30%,2.20%,45.70%,31.3
Eric Gordon,NOP,45,39,9.70%,0.95,37,12,29,41.4,46.6,15.40%,10.30%,7.70%,0.00%,46.20%,28.6
Gerald Green,MIA,69,42,8.30%,0.95,40,11,34,32.4,39.7,16.70%,4.80%,14.30%,2.40%,40.50%,27.9
Kenneth Faried,DEN,67,44,7.10%,0.84,37,15,38,39.5,42.1,6.80%,6.80%,4.50%,0.00%,40.90%,51.9
Monta Ellis,IND,81,45,5.00%,0.82,37,12,32,37.5,43.8,13.30%,15.60%,8.90%,0.00%,40.00%,56.1
Brandon Rush,GSW,72,55,16.30%,0.82,45,15,44,34.1,37.5,12.70%,9.10%,12.70%,1.80%,38.20%,56.9
Paul Pierce,LAC,68,56,15.00%,0.73,41,15,47,31.9,34,8.90%,8.90%,8.90%,1.80%,33.90%,73.9
Darren Collison,SAC,74,56,7.20%,0.66,37,11,37,29.7,33.8,12.50%,21.40%,8.90%,0.00%,32.10%,87.2
Dwight Powell,DAL,69,57,13.00%,0.65,37,15,50,30,31,8.80%,7.00%,8.80%,3.50%,31.60%,88
Danny Green,SAS,79,47,6.80%,0.91,43,17,40,42.5,45,10.60%,6.40%,10.60%,2.10%,44.70%,34.3
Bismack Biyombo,TOR,82,53,6.60%,0.75,40,17,50,34,34,13.20%,0.00%,13.20%,7.50%,37.70%,69.7
Jeremy Lin,CHA,78,53,7.60%,0.72,38,14,40,35,35,11.30%,13.20%,11.30%,0.00%,35.80%,78.2
Victor Oladipo,ORL,72,52,6.30%,0.73,38,13,32,40.6,40.6,15.40%,23.10%,11.50%,0.00%,40.40%,74.4
Raymond Felton,DAL,80,59,9.00%,0.71,42,15,47,31.9,31.9,13.60%,6.80%,13.60%,0.00%,37.30%,78.9
Kawhi Leonard,SAS,72,61,8.00%,0.69,42,15,50,30,31,9.80%,8.20%,6.60%,0.00%,34.40%,83
Dwight Howard,HOU,71,65,7.60%,0.58,38,16,59,27.1,29.7,3.10%,7.70%,3.10%,1.50%,26.20%,93.7
Luke Babbitt,NOP,47,38,12.80%,1.16,44,18,34,52.9,57.4,13.20%,5.30%,7.90%,7.90%,52.60%,5.8
Terrence Ross,TOR,73,46,7.90%,0.96,44,14,33,42.4,43.9,21.70%,8.70%,19.60%,2.20%,50.00%,27.1
Derrick Williams,NYK,80,51,11.30%,0.8,41,16,47,34,37.2,7.80%,2.00%,7.80%,2.00%,37.30%,59.4
Dion Waiters,OKC,78,61,8.60%,0.77,47,16,50,32,36,14.80%,3.30%,14.80%,0.00%,37.70%,67.2
Matthew Dellavedova,CLE,76,59,7.80%,0.66,39,13,51,25.5,26.5,10.20%,3.40%,6.80%,0.00%,32.20%,87
Pau Gasol,CHI,72,65,6.20%,0.65,42,16,54,29.6,31.5,7.70%,9.20%,6.20%,0.00%,32.30%,88.7
LeBron James,CLE,76,69,10.50%,0.59,41,14,52,26.9,28.8,10.10%,14.50%,10.10%,0.00%,30.40%,92.7
Thabo Sefolosha,ATL,75,74,10.70%,0.53,39,15,62,24.2,26.6,6.80%,10.80%,5.40%,1.40%,25.70%,95.7
Jordan Hill,IND,73,45,6.40%,0.89,40,17,40,42.5,43.8,8.90%,4.40%,8.90%,2.20%,42.20%,39.5
Nik Stauskas,PHI,73,52,9.10%,0.77,40,14,40,35,35,17.30%,13.50%,17.30%,7.70%,36.50%,67.8
Nene Hilario,WAS,57,36,7.00%,1.17,42,16,27,59.3,63,19.40%,8.30%,16.70%,2.80%,61.10%,4.8
Nicolas Batum,CHA,70,46,6.50%,0.89,41,17,43,39.5,39.5,10.90%,2.20%,10.90%,6.50%,41.30%,37.9
Marreese Speights,GSW,72,46,9.50%,0.89,41,16,42,38.1,44,6.50%,4.30%,6.50%,2.20%,39.10%,37.9
Robert Covington,PHI,67,76,13.40%,0.57,43,17,63,27,28.6,7.90%,11.80%,5.30%,2.60%,27.60%,94.7
James Johnson,TOR,57,40,11.60%,1.05,42,18,38,47.4,50,7.50%,2.50%,7.50%,5.00%,47.50%,13.3
Patty Mills,SAS,81,45,7.20%,1.07,48,18,32,56.3,59.4,15.60%,17.80%,11.10%,4.40%,48.90%,11.1
Stanley Johnson,DET,73,50,9.70%,0.88,44,12,36,33.3,34.7,26.00%,6.00%,18.00%,4.00%,46.00%,42.6
Enes Kanter,OKC,82,56,8.00%,0.79,44,17,51,33.3,36.3,10.70%,3.60%,8.90%,5.40%,35.70%,64.3
Clint Capela,HOU,77,62,10.10%,0.84,52,18,50,36,39,11.30%,9.70%,11.30%,1.60%,38.70%,52.6
Tyson Chandler,PHX,66,63,9.70%,0.7,44,15,53,28.3,30.2,12.70%,4.80%,11.10%,1.60%,33.30%,81
Doug McDermott,CHI,81,43,8.60%,1.09,47,18,36,50,52.8,14.00%,9.30%,14.00%,7.00%,48.80%,8.3
Iman Shumpert,CLE,54,40,8.40%,1.08,43,16,35,45.7,55.7,7.50%,7.50%,7.50%,2.50%,45.00%,9.5
J.J. Barea,DAL,74,44,7.10%,0.98,43,17,32,53.1,54.7,13.60%,13.60%,11.40%,0.00%,50.00%,24.1
Ian Mahinmi,IND,71,48,5.60%,0.98,47,16,33,48.5,56.1,20.80%,12.50%,16.70%,2.10%,45.80%,23.6
Jerryd Bayless,MIL,52,44,9.20%,0.98,43,14,29,48.3,51.7,20.50%,18.20%,20.50%,4.50%,47.70%,24.1
Trey Lyles,UTA,80,65,13.50%,0.69,45,18,58,31,32.8,9.20%,3.10%,9.20%,1.50%,35.40%,82.6
PJ Tucker,PHX,82,69,8.50%,0.7,48,14,51,27.5,29.4,18.80%,10.10%,14.50%,2.90%,36.20%,81.7
Marco Belinelli,SAC,68,42,9.40%,1.05,44,14,35,40,47.1,16.70%,2.40%,14.30%,2.40%,47.60%,13.5
Arron Afflalo,NYK,71,44,6.70%,1,44,18,37,48.6,51.4,9.10%,9.10%,6.80%,2.30%,47.70%,18.7
Tony Parker,SAS,72,46,6.30%,1,46,17,40,42.5,46.3,13.00%,2.20%,10.90%,2.20%,45.70%,18.7
Jason Terry,HOU,72,45,10.90%,0.98,44,14,37,37.8,40.5,20.00%,4.40%,20.00%,6.70%,44.40%,23.8
DeMar DeRozan,TOR,78,53,7.30%,0.89,47,10,34,29.4,33.8,26.40%,9.40%,17.00%,0.00%,45.30%,40.7
Hollis Thompson,PHI,77,57,9.50%,0.84,48,21,51,41.2,41.2,7.00%,7.00%,5.30%,3.50%,40.40%,51.1
Mason Plumlee,POR,82,53,5.40%,0.83,44,19,47,40.4,40.4,11.30%,7.50%,9.40%,7.50%,39.60%,54.6
Bradley Beal,WAS,55,56,11.00%,0.79,44,18,48,37.5,40.6,7.10%,8.90%,7.10%,1.80%,37.50%,64.3
Brook Lopez,BKN,74,56,5.70%,0.79,44,16,47,34,35.1,12.50%,5.40%,12.50%,1.80%,39.30%,64.3
Russell Westbrook,OKC,80,60,7.10%,0.82,49,20,51,39.2,43.1,6.70%,10.00%,5.00%,1.70%,38.30%,57.6
Chandler Parsons,DAL,61,61,12.50%,0.72,44,15,54,27.8,30.6,11.50%,1.60%,11.50%,1.60%,34.40%,77.4
Isaiah Thomas,BOS,82,70,8.70%,0.7,49,15,51,29.4,30.4,17.10%,11.40%,12.90%,1.40%,35.70%,80.7
Wesley Matthews,DAL,78,80,9.60%,0.6,48,17,57,29.8,32.5,8.80%,20.00%,6.30%,0.00%,28.80%,92.2
Shane Larkin,BKN,78,40,6.50%,1.17,47,18,35,51.4,55.7,15.00%,7.50%,15.00%,10.00%,50.00%,4.5
Leandro Barbosa,GSW,68,51,16.50%,0.88,45,16,47,34,38.3,13.70%,2.00%,13.70%,7.80%,37.30%,42.2
Alex Len,PHX,78,60,6.90%,0.78,47,21,53,39.6,39.6,8.30%,8.30%,8.30%,5.00%,38.30%,65.4
Toney Douglas,NOP,61,42,9.70%,1.17,49,17,36,47.2,55.6,11.90%,2.40%,9.50%,2.40%,50.00%,4.8
Larry Nance,LAL,63,56,14.00%,0.91,51,15,44,34.1,39.8,23.20%,3.60%,19.60%,5.40%,42.90%,35.1
Anthony Tolliver,DET,72,60,12.60%,0.87,52,21,54,38.9,41.7,8.30%,3.30%,6.70%,1.70%,40.00%,45.6
Nemanja Bjelica,MIN,60,66,14.40%,0.79,52,20,58,34.5,36.2,9.10%,6.10%,9.10%,3.00%,36.40%,62.7
Elfrid Payton,ORL,73,69,8.40%,0.67,46,13,43,30.2,30.2,15.90%,21.70%,8.70%,0.00%,34.80%,86.4
ETwaun Moore,CHI,59,44,10.10%,1.07,47,18,38,47.4,52.6,13.60%,2.30%,9.10%,2.30%,50.00%,10.8
Tony Snell,CHI,64,54,11.80%,0.87,47,20,46,43.5,43.5,14.80%,11.10%,14.80%,11.10%,40.70%,44.4
Gordon Hayward,UTA,80,61,9.20%,0.92,56,21,51,41.2,44.1,11.50%,4.90%,11.50%,0.00%,45.90%,34.1
JR Smith,CLE,77,53,7.70%,0.89,47,14,39,35.9,41,15.10%,11.30%,15.10%,0.00%,41.50%,40.7
Austin Rivers,LAC,67,55,9.50%,0.89,49,13,37,35.1,43.2,21.80%,12.70%,18.20%,1.80%,43.60%,38.4
Rajon Rondo,SAC,72,45,5.10%,1.07,48,16,33,48.5,56.1,20.00%,11.10%,17.80%,4.40%,51.10%,11.1
Nikola Vucevic,ORL,65,55,6.40%,0.91,50,21,46,45.7,45.7,7.30%,9.10%,5.50%,0.00%,45.50%,35.7
Andre Roberson,OKC,70,55,9.40%,0.87,48,16,43,37.2,37.2,18.20%,7.30%,18.20%,3.60%,41.80%,43.6
Damian Lillard,POR,75,66,6.40%,0.73,48,17,45,37.8,40,15.20%,19.70%,12.10%,3.00%,34.80%,76.3
Louis Williams,LAL,67,49,8.00%,1,49,22,41,53.7,57.3,4.10%,12.20%,4.10%,0.00%,46.90%,18.7
Rudy Gobert,UTA,61,55,6.50%,0.89,49,18,43,41.9,45.3,16.40%,7.30%,14.50%,1.80%,45.50%,38.4
Patrick Patterson,TOR,79,79,11.60%,0.66,52,19,64,29.7,33.6,7.60%,11.40%,5.10%,0.00%,30.40%,87.7
Goran Dragic,MIA,72,48,6.10%,1.04,50,15,35,42.9,42.9,25.00%,8.30%,18.80%,6.30%,50.00%,15
Jeff Teague,ATL,79,53,6.40%,0.94,50,19,42,45.2,48.8,9.40%,11.30%,7.50%,0.00%,45.30%,29.1
Devin Booker,PHX,76,59,9.00%,0.85,50,15,41,36.6,39,16.90%,13.60%,10.20%,0.00%,42.40%,49.6
Shaun Livingston,GSW,78,63,10.80%,0.84,53,15,45,33.3,35.6,22.20%,7.90%,19.00%,1.60%,41.30%,51.5
JJ Redick,LAC,75,62,9.60%,0.84,52,21,49,42.9,44.9,8.10%,14.50%,8.10%,1.60%,40.30%,52.6
Jared Sullinger,BOS,81,70,9.10%,0.74,52,21,59,35.6,37.3,7.10%,10.00%,5.70%,1.40%,35.70%,72.5
Ramon Sessions,WAS,82,58,9.60%,0.91,53,18,41,43.9,47.6,17.20%,15.50%,12.10%,3.40%,43.10%,34.8
Lavoy Allen,IND,79,61,9.70%,0.97,59,23,50,46,51,8.20%,9.80%,9.80%,1.60%,44.30%,25.8
Kyle Korver,ATL,80,70,9.90%,0.73,51,20,59,33.9,36.4,10.00%,10.00%,8.60%,4.30%,34.30%,75.4
Deron Williams,DAL,65,71,9.40%,0.72,51,20,61,32.8,36.1,7.00%,9.90%,5.60%,2.80%,32.40%,77.7
Avery Bradley,BOS,76,79,9.40%,0.7,55,15,52,28.8,29.8,16.50%,19.00%,12.70%,1.30%,34.20%,81.5
Cory Joseph,TOR,80,62,8.10%,0.92,57,24,54,44.4,47.2,8.10%,9.70%,8.10%,4.80%,41.90%,33.6
Omri Casspi,SAC,69,60,11.20%,0.87,52,22,50,44,47,8.30%,11.70%,8.30%,3.30%,41.70%,45.6
Trevor Booker,UTA,79,69,12.30%,0.77,53,21,58,36.2,38.8,10.10%,7.20%,8.70%,1.40%,37.70%,68.2
Rudy Gay,SAC,70,84,10.90%,0.79,66,20,60,33.3,39.2,14.30%,14.30%,10.70%,0.00%,36.90%,64.3
Terrence Jones,HOU,50,53,15.50%,1,53,19,42,45.2,51.2,11.30%,11.30%,9.40%,1.90%,45.30%,18.7
Nerlens Noel,PHI,67,59,6.60%,0.93,55,22,49,44.9,46.9,11.90%,10.20%,11.90%,5.10%,44.10%,32.1
Ersan Ilyasova,DET,52,55,11.20%,0.96,53,23,43,53.5,53.5,9.10%,14.50%,9.10%,1.80%,49.10%,26.1
Zach LaVine,MIN,82,62,7.60%,0.89,55,18,50,36,38,17.70%,4.80%,11.30%,3.20%,43.50%,40.4
DeMarcus Cousins,SAC,65,62,5.80%,0.85,53,17,45,37.8,43.3,14.50%,14.50%,11.30%,1.60%,40.30%,48.4
Langston Galloway,NYK,82,63,8.10%,0.84,53,19,51,37.3,39.2,12.70%,6.30%,11.10%,0.00%,41.30%,51.5
Jimmy Butler,CHI,67,73,8.40%,0.73,53,21,57,36.8,37.7,9.60%,13.70%,9.60%,1.40%,37.00%,76.9
Marvin Williams,CHA,81,73,9.30%,0.73,53,20,67,29.9,33.6,8.20%,1.40%,6.80%,1.40%,34.20%,76.9
Gorgui Dieng,MIN,82,68,7.50%,0.96,65,24,54,44.4,44.4,16.20%,7.40%,11.80%,2.90%,47.10%,27.3
Kent Bazemore,ATL,75,57,7.60%,1.05,60,21,45,46.7,50,15.80%,7.00%,14.00%,1.80%,50.90%,12.8
Tayshaun Prince,MIN,77,58,13.10%,1,58,20,46,43.5,48.9,13.80%,10.30%,13.80%,3.40%,44.80%,18.7
Andre Iguodala,GSW,65,63,11.20%,0.97,61,25,50,50,53,11.10%,12.70%,9.50%,3.20%,46.00%,25.4
Corey Brewer,HOU,82,63,10.40%,0.9,57,23,52,44.2,50,4.80%,12.70%,3.20%,0.00%,41.30%,36.3
Zaza Pachulia,DAL,76,70,8.00%,0.81,57,26,58,44.8,44.8,7.10%,12.90%,5.70%,2.90%,40.00%,58.4
Luol Deng,MIA,74,79,10.70%,0.75,59,25,69,36.2,37,8.90%,6.30%,8.90%,2.50%,38.00%,71.4
Harrison Barnes,GSW,66,74,12.40%,0.82,61,25,62,40.3,41.1,9.50%,9.50%,6.80%,2.70%,40.50%,55.6
Bojan Bogdanovic,BKN,79,83,12.70%,0.77,64,26,73,35.6,37.7,6.00%,7.20%,4.80%,1.20%,36.10%,66.9
Timofey Mozgov,CLE,76,77,12.30%,0.81,62,25,68,36.8,38.2,11.70%,2.60%,11.70%,2.60%,40.30%,59.1
Nikola Jokic,DEN,80,77,10.20%,0.82,63,23,60,38.3,40,11.70%,10.40%,9.10%,0.00%,40.30%,56.9
Raul Neto,UTA,81,52,8.90%,1.15,60,26,40,65,67.5,7.70%,15.40%,7.70%,0.00%,57.70%,6.3
Blake Griffin,LAC,35,67,15.60%,0.99,66,25,56,44.6,50,10.40%,6.00%,7.50%,0.00%,46.30%,22.8
Amir Johnson,BOS,79,67,8.90%,0.93,62,24,54,44.4,48.1,9.00%,11.90%,9.00%,1.50%,43.30%,32.6
Derrick Favors,UTA,62,69,8.70%,0.88,61,26,67,38.8,42.5,4.30%,1.40%,2.90%,2.90%,39.10%,41.7
CJ McCollum,POR,80,76,8.20%,0.79,60,23,57,40.4,41.2,10.50%,17.10%,10.50%,3.90%,36.80%,62.3
Marcus Smart,BOS,61,62,10.20%,0.95,59,16,35,45.7,51.4,27.40%,16.10%,22.60%,0.00%,51.60%,28.3
Andre Drummond,DET,81,66,4.70%,0.89,59,25,58,43.1,44,9.10%,6.10%,7.60%,3.00%,43.90%,37.3
John Wall,WAS,77,69,7.20%,0.86,59,25,59,42.4,43.2,7.20%,8.70%,7.20%,1.40%,42.00%,48.1
Paul Millsap,ATL,81,86,8.60%,0.71,61,24,71,33.8,36.6,5.80%,11.60%,3.50%,0.00%,33.70%,79.2
DAngelo Russell,LAL,80,62,7.40%,1.13,70,26,49,53.1,56.1,16.10%,8.10%,12.90%,3.20%,54.80%,7.3
Kyle Singler,OKC,68,64,20.60%,0.98,63,19,48,39.6,42.7,20.30%,7.80%,21.90%,4.70%,45.30%,23.1
Jerami Grant,PHI,77,72,9.70%,1.03,74,22,51,43.1,46.1,20.80%,11.10%,20.80%,2.80%,48.60%,16.8
Allen Crabbe,POR,81,69,9.80%,0.88,61,18,50,36,39,21.70%,11.60%,21.70%,5.80%,40.60%,41.7
Meyers Leonard,POR,62,67,10.10%,0.9,60,24,59,40.7,44.1,10.40%,3.00%,7.50%,1.50%,43.30%,37.1
Kentavious Caldwell-Pope,DET,76,70,6.90%,0.86,60,19,46,41.3,44.6,15.70%,18.60%,14.30%,0.00%,42.90%,47.2
Boris Diaw,SAS,76,70,14.30%,0.86,60,20,53,37.7,38.7,15.70%,10.00%,15.70%,1.40%,42.90%,47.2
Mirza Teletovic,PHX,79,87,14.80%,0.82,71,25,65,38.5,41.5,16.10%,10.30%,13.80%,1.10%,40.20%,57.9
Thaddeus Young,BKN,73,75,8.70%,0.8,60,22,63,34.9,36.5,16.00%,6.70%,14.70%,6.70%,38.70%,60.4
Alonzo Gee,NOP,73,60,11.00%,1.02,61,24,49,49,51,11.70%,10.00%,8.30%,3.30%,48.30%,17.5
Wesley Johnson,LAC,80,63,11.00%,0.97,61,19,41,46.3,50,23.80%,15.90%,19.00%,4.80%,47.60%,25.4
Kemba Walker,CHA,81,70,6.40%,0.87,61,25,58,43.1,48.3,4.30%,12.90%,2.90%,0.00%,40.00%,43.9
Karl-Anthony Towns,MIN,82,78,7.40%,0.82,64,24,65,36.9,40.8,10.30%,7.70%,9.00%,1.30%,37.20%,56.4
Giannis Antetokounmpo,MIL,80,94,10.30%,0.65,61,19,78,24.4,26.9,12.80%,7.40%,10.60%,3.20%,29.80%,88.2
Jabari Parker,MIL,76,65,7.80%,0.95,62,19,48,39.6,41.7,16.90%,10.80%,15.40%,1.50%,44.60%,27.6
Robin Lopez,NYK,82,73,6.80%,0.85,62,25,65,38.5,40.8,11.00%,2.70%,11.00%,2.70%,42.50%,49.4
Kevin Love,CLE,77,76,8.30%,0.82,62,27,64,42.2,43,5.30%,11.80%,3.90%,1.30%,39.50%,58.1
Chris Bosh,MIA,53,82,12.10%,0.76,62,26,72,36.1,38.9,4.90%,8.50%,4.90%,1.20%,35.40%,69.4
Patrick Beverley,HOU,71,52,7.40%,1.21,63,26,46,56.5,63,5.80%,5.80%,3.80%,0.00%,55.80%,3.3
Julius Randle,LAL,81,84,10.60%,0.79,66,22,66,33.3,38.6,9.50%,11.90%,9.50%,1.20%,34.50%,64.3
Danilo Gallinari,DEN,53,80,14.80%,0.79,63,24,64,37.5,41.4,8.80%,11.30%,6.30%,0.00%,37.50%,62.9
Dante Cunningham,NOP,80,87,13.40%,0.72,63,22,72,30.6,32.6,11.50%,5.70%,10.30%,0.00%,35.60%,77.2
Jordan Clarkson,LAL,79,72,7.60%,1,72,24,52,46.2,48.1,18.10%,12.50%,18.10%,2.80%,48.60%,18.7
Steven Adams,OKC,80,98,10.00%,0.66,65,28,88,31.8,35.2,3.10%,8.20%,3.10%,1.00%,30.60%,86.7
Emmanuel Mudiay,DEN,68,62,7.90%,1.08,67,23,48,47.9,52.1,16.10%,8.10%,11.30%,1.60%,51.60%,9.3
Gary Harris,DEN,76,74,9.40%,0.88,65,22,61,36.1,39.3,14.90%,6.80%,9.50%,4.10%,40.50%,42.9
Marcin Gortat,WAS,75,82,7.20%,0.82,67,26,65,40,44.6,8.50%,12.20%,7.30%,0.00%,39.00%,57.4
Andrew Wiggins,MIN,81,98,10.10%,0.68,67,24,80,30,31.3,12.20%,7.10%,9.20%,1.00%,35.70%,83.7
Darrell Arthur,DEN,70,76,13.70%,0.87,66,26,65,40,43.8,9.20%,9.20%,9.20%,3.90%,39.50%,45.1
Tristan Thompson,CLE,82,93,9.30%,0.74,69,27,78,34.6,35.9,11.80%,5.40%,11.80%,1.10%,37.60%,72.9
Evan Turner,BOS,81,95,11.80%,0.74,70,27,82,32.9,35.4,9.50%,5.30%,7.40%,1.10%,36.80%,73.7
Justise Winslow,MIA,78,83,9.70%,0.84,70,26,70,37.1,41.4,12.00%,8.40%,9.60%,4.80%,37.30%,50.9
Jose Calderon,NYK,72,72,9.80%,0.96,69,24,52,46.2,47.1,20.80%,9.70%,20.80%,2.80%,48.60%,26.6
Jonas Jerebko,BOS,78,80,19.70%,0.86,69,25,63,39.7,42.1,15.00%,7.50%,12.50%,1.30%,43.80%,46.4
Reggie Jackson,DET,79,78,8.80%,0.88,69,26,63,41.3,42.1,11.50%,9.00%,10.30%,1.30%,43.60%,41.2
Matt Barnes,MEM,76,66,8.50%,1.06,70,23,50,46,52,19.70%,6.10%,18.20%,3.00%,51.50%,12
Dirk Nowitzki,DAL,75,78,8.50%,0.91,71,26,69,37.7,39.1,14.10%,2.60%,14.10%,5.10%,42.30%,35.3
Rodney Hood,UTA,80,87,12.00%,0.91,79,32,76,42.1,43.4,10.30%,4.60%,10.30%,3.40%,43.70%,36.1
Evan Fournier,ORL,79,88,10.80%,0.85,75,23,61,37.7,39.3,20.50%,14.80%,19.30%,4.50%,40.90%,48.6
Otto Porter Jr.,WAS,75,72,10.20%,1.06,76,27,58,46.6,50.9,13.90%,5.60%,13.90%,0.00%,51.40%,12.5
Ryan Anderson,NOP,66,94,12.30%,0.8,75,28,80,35,37.5,8.50%,7.40%,8.50%,1.10%,37.20%,60.9
James Harden,HOU,82,107,10.90%,0.73,78,28,87,32.2,34.5,13.10%,8.40%,11.20%,2.80%,36.40%,75.2
Ricky Rubio,MIN,76,72,8.30%,1.1,79,29,58,50,53.4,16.70%,9.70%,12.50%,6.90%,50.00%,8
LaMarcus Aldridge,SAS,74,106,11.40%,0.76,81,33,85,38.8,40,9.40%,9.40%,7.50%,0.00%,40.60%,68.4
Roy Hibbert,LAL,81,71,9.30%,1.1,78,26,54,48.1,51.9,21.10%,7.00%,19.70%,4.20%,53.50%,7.8
Jrue Holiday,NOP,65,89,11.10%,0.88,78,28,65,43.1,46.9,12.40%,14.60%,10.10%,0.00%,42.70%,43.4
Paul George,IND,81,101,10.10%,0.8,81,31,79,39.2,41.8,11.90%,11.90%,10.90%,2.00%,39.60%,59.6
Taj Gibson,CHI,73,105,13.30%,0.74,78,31,94,33,35.1,10.50%,2.90%,10.50%,2.90%,36.20%,72.5
Willie Cauley-Stein,SAC,66,86,15.40%,0.92,79,33,75,44,47.3,7.00%,5.80%,7.00%,0.00%,44.20%,33.8
Nikola Mirotic,CHI,66,98,15.50%,0.98,96,35,81,43.2,44.4,15.30%,4.10%,15.30%,2.00%,48.00%,23.3
Kevin Durant,OKC,72,110,13.30%,0.75,82,27,91,29.7,33,14.50%,6.40%,12.70%,3.60%,34.50%,71.7
Klay Thompson,GSW,80,113,12.30%,0.77,87,27,85,31.8,34.1,15.00%,10.60%,15.00%,0.90%,38.10%,67.4
Jared Dudley,WAS,81,93,12.70%,0.91,85,36,77,46.8,48.7,8.60%,11.80%,7.50%,3.20%,44.10%,34.6
Anthony Davis,NOP,61,98,10.90%,0.85,83,37,92,40.2,41.8,3.10%,3.10%,3.10%,0.00%,40.80%,49.9
Trevor Ariza,HOU,82,100,11.80%,1,100,33,75,44,47.3,15.00%,9.00%,12.00%,0.00%,48.00%,18.7
Stephen Curry,GSW,79,127,12.60%,0.71,90,33,96,34.4,35.9,11.80%,15.00%,11.00%,2.40%,35.40%,79.4
Garrett Temple,WAS,80,84,11.00%,1.07,90,24,53,45.3,48.1,27.40%,10.70%,22.60%,1.20%,53.60%,9.8
Jae Crowder,BOS,73,112,13.40%,0.92,103,37,93,39.8,43.5,14.30%,5.40%,12.50%,2.70%,44.60%,33.3
DeAndre Jordan,LAC,77,133,10.20%,0.74,99,34,105,32.4,36.2,12.00%,9.00%,9.80%,0.00%,37.60%,71.9
Kristaps Porzingis,NYK,72,125,14.10%,0.78,98,40,107,37.4,40.2,8.00%,8.00%,7.20%,1.60%,38.40%,65.2
Khris Middleton,MIL,79,109,12.30%,0.94,102,39,81,48.1,50.6,11.90%,16.50%,10.10%,2.80%,45.00%,30.6
Marcus Morris,DET,80,119,13.60%,0.89,106,40,94,42.6,44.7,10.10%,12.60%,10.10%,1.70%,42.00%,38.8
Serge Ibaka,OKC,78,143,15.50%,0.8,114,44,127,34.6,37.8,9.10%,3.50%,9.10%,1.40%,37.80%,61.2
Draymond Green,GSW,81,191,15.70%,0.68,129,51,167,30.5,33.2,5.80%,7.30%,5.80%,0.50%,31.90%,85.2